id,Number,CraftType,RecipeLevelTable,,output_item,output_amount,input_0_item,input_0_amount,input_1_item,input_1_amount,input_2_item,input_2_amount,input_3_item,input_3_amount,input_4_item,input_4_amount,input_5_item,input_5_amount,input_6_item,input_6_amount,input_7_item,input_7_amount,RecipeNotebookList,DisplayPriority,IsSecondary,MaterialQualityFactor,DifficultyFactor,QualityFactor,DurabilityFactor,RequiredQuality,RequiredCraftsmanship,RequiredControl,QuickSynthCraftsmanship,QuickSynthControl,SecretRecipeBook,Quest,CanQuickSynth,CanHq,ExpRewarded,Status{Required},Item{Required},IsSpecializationRequired,IsExpert,,,PatchNumber,
int32,int32,CraftType,RecipeLevelTable,uint16,Item,byte,Item,byte,Item,byte,Item,byte,Item,byte,Item,byte,Item,byte,Item,byte,Item,byte,RecipeNotebookList,uint16,bit&01,byte,uint16,uint16,uint16,uint32,uint16,uint16,uint16,uint16,SecretRecipeBook,Quest,bit&02,bit&04,bit&08,Status,Item,int32,bit&20,bit&40,byte,uint16,uint16
36165,0,0,690,100,48258,1,48233,1,0,0,0,0,0,0,0,0,0,0,-1,0,-1,0,1496,0,False,0,61,48,50,0,0,0,0,0,0,0,False,True,False,False,0,0,False,False,0,65535,720
36166,0,0,690,100,48276,1,48233,1,0,0,0,0,0,0,0,0,0,0,-1,0,-1,0,1496,0,False,0,67,53,75,0,0,0,0,0,0,0,False,True,False,False,0,0,False,False,0,65535,720
36167,0,0,690,100,48277,1,48233,1,0,0,0,0,0,0,0,0,0,0,-1,0,-1,0,1496,0,True,0,67,59,100,0,0,0,0,0,0,0,False,True,False,False,0,0,False,False,0,65535,720
36168,0,0,690,100,48278,1,48233,1,0,0,0,0,0,0,0,0,0,0,-1,0,-1,0,1496,0,False,0,61,48,50,0,0,0,0,0,0,0,False,True,False,False,0,0,False,False,0,65535,720
36169,0,0,690,100,48279,1,48233,1,0,0,0,0,0,0,0,0,0,0,-1,0,-1,0,1496,0,False,0,67,53,75,0,0,0,0,0,0,0,False,True,False,False,0,0,False,False,0,65535,720
36170,0,0,690,100,48280,1,48233,1,0,0,0,0,0,0,0,0,0,0,-1,0,-1,0,1496,0,True,0,182,5,100,0,0,0,0,0,0,0,False,True,False,False,0,0,False,False,0,65535,720
36171,0,0,690,100,48258,1,48233,1,0,0,0,0,0,0,0,0,0,0,-1,0,-1,0,1496,0,False,0,192,5,100,0,0,0,0,0,0,0,False,True,False,False,0,0,False,False,0,65535,720
36172,0,0,690,100,48281,1,48233,1,0,0,0,0,0,0,0,0,0,0,-1,0,-1,0,1496,0,False,0,62,50,50,0,0,0,0,0,0,0,False,True,False,False,0,0,False,False,0,65535,720
36173,0,0,690,100,48282,1,48233,1,0,0,0,0,0,0,0,0,0,0,-1,0,-1,0,1496,0,True,0,70,62,100,0,0,0,0,0,0,0,False,True,False,False,0,0,False,False,7,3,720
36174,0,0,690,100,48287,1,48233,1,0,0,0,0,0,0,0,0,0,0,-1,0,-1,0,1496,0,False,0,62,50,50,0,0,0,0,0,0,0,False,True,False,False,0,0,False,False,0,65535,720
36175,0,0,690,100,48283,1,48287,2,0,0,0,0,0,0,0,0,0,0,-1,0,-1,0,1496,0,False,85,128,68,32,0,0,0,0,0,0,0,False,True,False,False,0,0,False,False,7,4,720
36176,0,0,690,100,48288,1,48233,1,0,0,0,0,0,0,0,0,0,0,-1,0,-1,0,1496,0,False,0,62,50,50,0,0,0,0,0,0,0,False,True,False,False,0,0,False,False,0,65535,720
36177,0,0,690,100,48284,1,48288,1,0,0,0,0,0,0,0,0,0,0,-1,0,-1,0,1496,0,False,30,70,89,100,0,0,0,0,0,0,0,False,True,False,False,0,0,False,False,7,5,720
36178,0,0,690,100,48289,1,48233,1,0,0,0,0,0,0,0,0,0,0,-1,0,-1,0,1496,0,False,0,62,50,50,0,0,0,0,0,0,0,False,True,False,False,0,0,False,False,0,65535,720
36179,0,0,690,100,48285,1,48289,3,0,0,0,0,0,0,0,0,0,0,-1,0,-1,0,1496,0,False,50,14,177,75,0,0,0,0,0,0,0,False,True,False,False,0,0,False,False,7,6,720
36180,0,0,690,100,48290,1,48233,1,0,0,0,0,0,0,0,0,0,0,-1,0,-1,0,1496,0,False,0,62,50,50,0,0,0,0,0,0,0,False,True,False,False,0,0,False,False,0,65535,720
36181,0,0,690,100,48286,1,48290,2,0,0,0,0,0,0,0,0,0,0,-1,0,-1,0,1496,0,True,50,77,125,100,0,0,0,0,0,0,0,False,True,False,False,0,0,False,False,7,7,720
36182,0,0,690,100,48291,1,48233,1,0,0,0,0,0,0,0,0,0,0,-1,0,-1,0,1496,0,True,0,70,76,100,0,0,0,0,0,0,0,False,True,False,False,0,0,False,False,0,65535,720
36183,0,0,690,100,48258,1,48233,1,0,0,0,0,0,0,0,0,0,0,-1,0,-1,0,1496,0,False,0,35,70,25,0,0,0,0,0,0,0,False,True,False,True,0,0,False,False,0,65535,720
36184,0,0,690,100,48292,1,48233,1,0,0,0,0,0,0,0,0,0,0,-1,0,-1,0,1496,0,False,0,11,108,100,0,0,0,0,0,0,0,False,True,False,False,0,0,False,False,7,8,720
36185,0,0,690,100,48293,1,48233,1,0,0,0,0,0,0,0,0,0,0,-1,0,-1,0,1496,0,False,0,53,81,75,0,0,0,0,0,0,0,False,True,False,False,0,0,False,False,7,9,720
36186,0,0,690,100,48294,1,48233,1,0,0,0,0,0,0,0,0,0,0,-1,0,-1,0,1496,0,False,0,53,78,57,0,0,0,0,0,0,0,False,True,False,True,0,0,False,False,0,65535,720
36187,0,0,690,100,48295,1,48233,1,0,0,0,0,0,0,0,0,0,0,-1,0,-1,0,1496,0,True,0,54,87,88,0,0,0,0,0,0,0,False,True,False,True,0,0,False,False,7,10,720
36188,0,0,690,100,48262,1,48233,1,0,0,0,0,0,0,0,0,0,0,-1,0,-1,0,1496,0,False,0,144,10,32,0,0,0,0,0,0,0,False,True,False,False,0,0,False,False,0,65535,720
36189,0,0,690,100,48296,1,48262,2,0,0,0,0,0,0,0,0,0,0,-1,0,-1,0,1496,0,True,90,211,70,100,0,0,0,0,0,0,0,False,True,False,False,0,0,False,False,0,65535,720
36190,0,0,690,100,48262,1,48233,1,0,0,0,0,0,0,0,0,0,0,-1,0,-1,0,1496,0,False,0,144,10,32,0,0,0,0,0,0,0,False,True,False,True,0,0,False,False,0,65535,720
36191,0,0,690,100,48297,1,48262,2,0,0,0,0,0,0,0,0,0,0,-1,0,-1,0,1496,0,True,45,70,139,100,0,0,0,0,0,0,0,False,True,False,True,0,0,False,False,0,65535,720
36192,0,0,701,0,48258,1,48233,1,0,0,0,0,0,0,0,0,0,0,-1,0,-1,0,1496,0,False,0,234,7,100,0,0,0,0,0,0,0,False,True,False,True,0,0,False,False,0,65535,720
36193,0,0,701,0,48298,1,48233,1,0,0,0,0,0,0,0,0,0,0,-1,0,-1,0,1496,0,False,0,85,140,100,0,0,0,0,0,0,0,False,True,False,False,0,0,False,False,7,11,720
36194,0,0,702,0,48299,1,48233,1,0,0,0,0,0,0,0,0,0,0,-1,0,-1,0,1496,0,False,0,99,203,100,0,0,0,0,0,0,0,False,True,False,False,0,0,False,True,7,293,720
36195,0,0,703,0,48300,1,48233,1,0,0,0,0,0,0,0,0,0,0,-1,0,-1,0,1496,0,False,0,4,210,75,0,0,0,0,0,0,0,False,True,False,True,0,0,False,True,7,12,720
36196,0,0,704,0,48301,1,48233,1,0,0,0,0,0,0,0,0,0,0,-1,0,-1,0,1496,0,False,0,75,150,88,0,0,0,0,0,0,0,False,True,False,False,0,0,False,True,7,13,720
36197,0,0,705,0,48302,1,48233,1,0,0,0,0,0,0,0,0,0,0,-1,0,-1,0,1496,0,False,0,75,150,88,0,0,0,0,0,0,0,False,True,False,False,0,0,False,True,7,14,720
36198,0,0,706,0,48303,1,48233,1,0,0,0,0,0,0,0,0,0,0,-1,0,-1,0,1496,0,False,0,75,150,88,0,0,0,0,0,0,0,False,True,False,False,0,0,False,True,7,15,720
36199,0,0,721,0,48304,1,48233,1,0,0,0,0,0,0,0,0,0,0,-1,0,-1,0,1496,0,True,0,78,149,82,0,0,0,0,0,0,0,False,True,False,False,0,0,False,False,7,16,720
36200,0,0,722,0,48305,1,48233,1,0,0,0,0,0,0,0,0,0,0,-1,0,-1,0,1496,0,False,0,90,230,100,0,0,0,0,0,0,0,False,True,False,True,0,0,False,True,7,17,720
36201,0,0,723,0,48306,1,48233,1,0,0,0,0,0,0,0,0,0,0,-1,0,-1,0,1496,0,True,0,87,220,88,0,0,0,0,0,0,0,False,True,False,True,0,0,False,True,7,18,720
36202,0,0,724,0,48307,1,48233,1,0,0,0,0,0,0,0,0,0,0,-1,0,-1,0,1496,0,True,0,100,120,69,0,0,0,0,0,0,0,False,True,False,False,0,0,False,True,7,19,720
36203,0,0,725,0,48308,1,48233,1,0,0,0,0,0,0,0,0,0,0,-1,0,-1,0,1496,0,True,0,100,120,69,0,0,0,0,0,0,0,False,True,False,False,0,0,False,True,7,20,720
36204,0,0,726,0,48309,1,48233,1,0,0,0,0,0,0,0,0,0,0,-1,0,-1,0,1496,0,True,0,100,120,69,0,0,0,0,0,0,0,False,True,False,False,0,0,False,True,7,21,720
36205,0,0,742,0,48263,1,48233,1,0,0,0,0,0,0,0,0,0,0,-1,0,-1,0,1496,0,False,0,47,149,25,14900,0,0,0,0,0,0,False,False,False,True,0,0,False,True,0,65535,720
36206,0,0,743,0,48310,1,48263,1,0,0,0,0,0,0,0,0,0,0,-1,0,-1,0,1496,0,True,0,95,240,75,0,0,0,0,0,0,0,False,True,False,True,0,0,False,True,0,65535,720
36207,0,0,742,0,48263,1,48233,1,0,0,0,0,0,0,0,0,0,0,-1,0,-1,0,1496,0,False,0,47,149,25,14900,0,0,0,0,0,0,False,False,False,False,0,0,False,True,0,65535,720
36208,0,0,744,0,48311,1,48263,1,0,0,0,0,0,0,0,0,0,0,-1,0,-1,0,1496,0,True,0,93,225,75,0,0,0,0,0,0,0,False,True,False,False,0,0,False,True,0,65535,720
36209,0,0,701,0,48312,1,48233,1,0,0,0,0,0,0,0,0,0,0,-1,0,-1,0,1496,0,False,0,66,123,50,0,0,0,0,0,0,0,False,True,False,False,0,0,False,False,7,22,720
36210,0,0,721,0,48313,1,48233,1,0,0,0,0,0,0,0,0,0,0,-1,0,-1,0,1496,0,False,0,75,154,94,0,0,0,0,0,0,0,False,True,False,False,0,0,False,False,7,23,720
36211,0,0,701,0,48314,1,48233,1,0,0,0,0,0,0,0,0,0,0,-1,0,-1,0,1496,0,False,0,25,113,25,0,0,0,0,0,0,0,False,True,False,True,0,0,False,False,0,65535,720
36212,0,0,721,0,48315,1,48233,1,0,0,0,0,0,0,0,0,0,0,-1,0,-1,0,1496,0,False,0,198,11,32,0,0,0,0,0,0,0,False,True,False,True,0,0,False,False,0,65535,720
36213,0,0,741,0,48316,1,48233,1,0,0,0,0,0,0,0,0,0,0,-1,0,-1,0,1496,0,True,0,96,174,100,0,0,0,0,0,0,0,False,True,False,True,0,0,False,False,0,65535,720
36214,0,0,721,0,48317,1,48233,1,0,0,0,0,0,0,0,0,0,0,-1,0,-1,0,1496,0,False,0,91,163,44,0,0,0,0,0,0,0,False,True,False,True,0,0,False,False,7,24,720
36215,0,0,741,0,48318,1,48233,1,0,0,0,0,0,0,0,0,0,0,-1,0,-1,0,1496,0,True,0,106,171,63,0,0,0,0,0,0,0,False,True,False,True,0,0,False,False,7,25,720
36216,0,0,701,0,48319,1,48233,1,0,0,0,0,0,0,0,0,0,0,-1,0,-1,0,1496,0,False,0,9,169,44,0,0,0,0,0,0,0,False,True,False,False,0,0,False,False,7,26,720
36217,0,0,721,0,48320,1,48233,1,0,0,0,0,0,0,0,0,0,0,-1,0,-1,0,1496,0,False,0,12,190,69,0,0,0,0,0,0,0,False,True,False,False,0,0,False,False,7,27,720
36218,0,0,741,0,48261,1,48233,1,0,0,0,0,0,0,0,0,0,0,-1,0,-1,0,1496,0,False,0,15,232,94,0,0,0,0,0,0,0,False,True,False,False,0,0,False,False,7,28,720
36219,0,0,746,0,48322,1,48233,1,0,0,0,0,0,0,0,0,0,0,-1,0,-1,0,1496,0,False,0,73,189,44,18900,0,0,0,0,0,0,False,False,False,True,0,0,False,True,0,65535,720
36220,0,0,746,0,48323,1,48322,1,0,0,0,0,0,0,0,0,0,0,-1,0,-1,0,1496,0,False,0,100,274,75,0,0,0,0,0,0,0,False,True,False,True,0,0,False,True,7,29,720
36221,0,0,0,0,0,0,0,0,0,0,0,0,0,0,0,0,0,0,0,0,0,0,0,0,False,0,0,0,0,0,0,0,0,0,0,0,False,False,False,False,0,0,False,False,0,0,0
36222,0,0,747,0,48324,1,48233,1,0,0,0,0,0,0,0,0,0,0,-1,0,-1,0,1496,0,False,0,65,180,38,18000,0,0,0,0,0,0,False,False,False,True,0,0,False,True,0,65535,720
36223,0,0,747,0,48325,1,48324,1,0,0,0,0,0,0,0,0,0,0,-1,0,-1,0,1496,0,False,0,95,268,69,0,0,0,0,0,0,0,False,True,False,True,0,0,False,True,7,30,720
36224,0,0,0,0,0,0,0,0,0,0,0,0,0,0,0,0,0,0,0,0,0,0,0,0,False,0,0,0,0,0,0,0,0,0,0,0,False,False,False,False,0,0,False,False,0,0,0
36225,0,0,748,0,48236,1,48233,1,0,0,0,0,0,0,0,0,0,0,-1,0,-1,0,1496,0,False,0,85,195,50,19500,0,0,0,0,0,0,False,False,False,True,0,0,False,True,0,65535,720
36226,0,0,0,0,0,0,0,0,0,0,0,0,0,0,0,0,0,0,0,0,0,0,0,0,False,0,0,0,0,0,0,0,0,0,0,0,False,False,False,False,0,0,False,False,0,0,0
36227,0,0,748,0,48321,1,48236,1,0,0,0,0,0,0,0,0,0,0,-1,0,-1,0,1496,0,False,0,114,298,88,29800,0,0,0,0,0,0,False,False,False,True,0,0,False,True,0,65535,720
36228,0,1,690,100,48238,1,48233,1,0,0,0,0,0,0,0,0,0,0,-1,0,-1,0,1497,0,False,0,61,48,50,0,0,0,0,0,0,0,False,True,False,False,0,0,False,False,0,65535,720
36229,0,1,690,100,48239,1,48233,1,0,0,0,0,0,0,0,0,0,0,-1,0,-1,0,1497,0,True,0,67,53,75,0,0,0,0,0,0,0,False,True,False,False,0,0,False,False,0,65535,720
36230,0,1,690,100,48240,1,48233,1,0,0,0,0,0,0,0,0,0,0,-1,0,-1,0,1497,0,False,0,67,59,100,0,0,0,0,0,0,0,False,True,False,False,0,0,False,False,0,65535,720
36231,0,1,690,100,48326,1,48233,1,0,0,0,0,0,0,0,0,0,0,-1,0,-1,0,1497,0,False,0,61,48,50,0,0,0,0,0,0,0,False,True,False,False,0,0,False,False,0,65535,720
36232,0,1,690,100,48327,1,48233,1,0,0,0,0,0,0,0,0,0,0,-1,0,-1,0,1497,0,True,0,67,53,75,0,0,0,0,0,0,0,False,True,False,False,0,0,False,False,0,65535,720
36233,0,1,690,100,48241,1,48233,1,0,0,0,0,0,0,0,0,0,0,-1,0,-1,0,1497,0,False,0,182,5,100,0,0,0,0,0,0,0,False,True,False,False,0,0,False,False,0,65535,720
36234,0,1,690,100,48238,1,48233,1,0,0,0,0,0,0,0,0,0,0,-1,0,-1,0,1497,0,False,0,192,5,100,0,0,0,0,0,0,0,False,True,False,False,0,0,False,False,0,65535,720
36235,0,1,690,100,48242,1,48233,1,0,0,0,0,0,0,0,0,0,0,-1,0,-1,0,1497,0,False,0,62,50,50,0,0,0,0,0,0,0,False,True,False,False,0,0,False,False,0,65535,720
36236,0,1,690,100,48328,1,48233,1,0,0,0,0,0,0,0,0,0,0,-1,0,-1,0,1497,0,False,0,70,62,100,0,0,0,0,0,0,0,False,True,False,False,0,0,False,False,7,33,720
36237,0,1,690,100,48333,1,48233,1,0,0,0,0,0,0,0,0,0,0,-1,0,-1,0,1497,0,False,0,62,50,50,0,0,0,0,0,0,0,False,True,False,False,0,0,False,False,0,65535,720
36238,0,1,690,100,48329,1,48333,2,0,0,0,0,0,0,0,0,0,0,-1,0,-1,0,1497,0,False,85,128,68,32,0,0,0,0,0,0,0,False,True,False,False,0,0,False,False,7,34,720
36239,0,1,690,100,48251,1,48233,1,0,0,0,0,0,0,0,0,0,0,-1,0,-1,0,1497,0,False,0,62,50,50,0,0,0,0,0,0,0,False,True,False,False,0,0,False,False,0,65535,720
36240,0,1,690,100,48330,1,48251,1,0,0,0,0,0,0,0,0,0,0,-1,0,-1,0,1497,0,False,30,70,89,100,0,0,0,0,0,0,0,False,True,False,False,0,0,False,False,7,35,720
36241,0,1,690,100,48252,1,48233,1,0,0,0,0,0,0,0,0,0,0,-1,0,-1,0,1497,0,False,0,62,50,50,0,0,0,0,0,0,0,False,True,False,False,0,0,False,False,0,65535,720
36242,0,1,690,100,48331,1,48252,3,0,0,0,0,0,0,0,0,0,0,-1,0,-1,0,1497,0,False,50,14,177,75,0,0,0,0,0,0,0,False,True,False,False,0,0,False,False,7,36,720
36243,0,1,690,100,48253,1,48233,1,0,0,0,0,0,0,0,0,0,0,-1,0,-1,0,1497,0,False,0,62,50,50,0,0,0,0,0,0,0,False,True,False,False,0,0,False,False,0,65535,720
36244,0,1,690,100,48332,1,48253,2,0,0,0,0,0,0,0,0,0,0,-1,0,-1,0,1497,0,False,50,77,125,100,0,0,0,0,0,0,0,False,True,False,False,0,0,False,False,7,37,720
36245,0,1,690,100,48334,1,48233,1,0,0,0,0,0,0,0,0,0,0,-1,0,-1,0,1497,0,False,0,70,76,100,0,0,0,0,0,0,0,False,True,False,False,0,0,False,False,0,65535,720
36246,0,1,690,100,48238,1,48233,1,0,0,0,0,0,0,0,0,0,0,-1,0,-1,0,1497,0,False,0,35,70,25,0,0,0,0,0,0,0,False,True,False,True,0,0,False,False,0,65535,720
36247,0,1,690,100,48335,1,48233,1,0,0,0,0,0,0,0,0,0,0,-1,0,-1,0,1497,0,False,0,11,108,100,0,0,0,0,0,0,0,False,True,False,False,0,0,False,False,7,38,720
36248,0,1,690,100,48336,1,48233,1,0,0,0,0,0,0,0,0,0,0,-1,0,-1,0,1497,0,False,0,53,81,75,0,0,0,0,0,0,0,False,True,False,False,0,0,False,False,7,39,720
36249,0,1,690,100,48337,1,48233,1,0,0,0,0,0,0,0,0,0,0,-1,0,-1,0,1497,0,False,0,53,78,57,0,0,0,0,0,0,0,False,True,False,True,0,0,False,False,0,65535,720
36250,0,1,690,100,48338,1,48233,1,0,0,0,0,0,0,0,0,0,0,-1,0,-1,0,1497,0,False,0,54,87,88,0,0,0,0,0,0,0,False,True,False,True,0,0,False,False,7,40,720
36251,0,1,690,100,48254,1,48233,1,0,0,0,0,0,0,0,0,0,0,-1,0,-1,0,1497,0,False,0,144,10,32,0,0,0,0,0,0,0,False,True,False,False,0,0,False,False,0,65535,720
36252,0,1,690,100,48339,1,48254,2,0,0,0,0,0,0,0,0,0,0,-1,0,-1,0,1497,0,False,90,211,70,100,0,0,0,0,0,0,0,False,True,False,False,0,0,False,False,0,65535,720
36253,0,1,690,100,48255,1,48233,1,0,0,0,0,0,0,0,0,0,0,-1,0,-1,0,1497,0,False,0,144,10,32,0,0,0,0,0,0,0,False,True,False,True,0,0,False,False,0,65535,720
36254,0,1,690,100,48340,1,48255,2,0,0,0,0,0,0,0,0,0,0,-1,0,-1,0,1497,0,False,45,70,139,100,0,0,0,0,0,0,0,False,True,False,True,0,0,False,False,0,65535,720
36255,0,1,701,0,48238,1,48233,1,0,0,0,0,0,0,0,0,0,0,-1,0,-1,0,1497,0,False,0,234,7,100,0,0,0,0,0,0,0,False,True,False,True,0,0,False,False,0,65535,720
36256,0,1,701,0,48243,1,48233,1,0,0,0,0,0,0,0,0,0,0,-1,0,-1,0,1497,0,False,0,85,140,100,0,0,0,0,0,0,0,False,True,False,False,0,0,False,False,7,41,720
36257,0,1,702,0,48341,1,48233,1,0,0,0,0,0,0,0,0,0,0,-1,0,-1,0,1497,0,False,0,99,203,100,0,0,0,0,0,0,0,False,True,False,False,0,0,False,True,7,294,720
36258,0,1,703,0,48342,1,48233,1,0,0,0,0,0,0,0,0,0,0,-1,0,-1,0,1497,0,False,0,4,210,75,0,0,0,0,0,0,0,False,True,False,True,0,0,False,True,7,42,720
36259,0,1,704,0,48244,1,48233,1,0,0,0,0,0,0,0,0,0,0,-1,0,-1,0,1497,0,False,0,75,150,88,0,0,0,0,0,0,0,False,True,False,False,0,0,False,True,7,43,720
36260,0,1,705,0,48245,1,48233,1,0,0,0,0,0,0,0,0,0,0,-1,0,-1,0,1497,0,False,0,75,150,88,0,0,0,0,0,0,0,False,True,False,False,0,0,False,True,7,44,720
36261,0,1,706,0,48246,1,48233,1,0,0,0,0,0,0,0,0,0,0,-1,0,-1,0,1497,0,False,0,75,150,88,0,0,0,0,0,0,0,False,True,False,False,0,0,False,True,7,45,720
36262,0,1,721,0,48343,1,48233,1,0,0,0,0,0,0,0,0,0,0,-1,0,-1,0,1497,0,False,0,78,149,82,0,0,0,0,0,0,0,False,True,False,False,0,0,False,False,7,46,720
36263,0,1,722,0,48344,1,48233,1,0,0,0,0,0,0,0,0,0,0,-1,0,-1,0,1497,0,False,0,90,230,100,0,0,0,0,0,0,0,False,True,False,True,0,0,False,True,7,47,720
36264,0,1,723,0,48345,1,48233,1,0,0,0,0,0,0,0,0,0,0,-1,0,-1,0,1497,0,False,0,87,220,88,0,0,0,0,0,0,0,False,True,False,True,0,0,False,True,7,48,720
36265,0,1,724,0,48346,1,48233,1,0,0,0,0,0,0,0,0,0,0,-1,0,-1,0,1497,0,False,0,100,120,69,0,0,0,0,0,0,0,False,True,False,False,0,0,False,True,7,49,720
36266,0,1,725,0,48347,1,48233,1,0,0,0,0,0,0,0,0,0,0,-1,0,-1,0,1497,0,False,0,100,120,69,0,0,0,0,0,0,0,False,True,False,False,0,0,False,True,7,50,720
36267,0,1,726,0,48348,1,48233,1,0,0,0,0,0,0,0,0,0,0,-1,0,-1,0,1497,0,False,0,100,120,69,0,0,0,0,0,0,0,False,True,False,False,0,0,False,True,7,51,720
36268,0,1,742,0,48256,1,48233,1,0,0,0,0,0,0,0,0,0,0,-1,0,-1,0,1497,0,False,0,47,149,25,14900,0,0,0,0,0,0,False,False,False,True,0,0,False,True,0,65535,720
36269,0,1,743,0,48349,1,48256,1,0,0,0,0,0,0,0,0,0,0,-1,0,-1,0,1497,0,False,0,95,240,75,0,0,0,0,0,0,0,False,True,False,True,0,0,False,True,0,65535,720
36270,0,1,742,0,48359,1,48233,1,0,0,0,0,0,0,0,0,0,0,-1,0,-1,0,1497,0,False,0,47,149,25,14900,0,0,0,0,0,0,False,False,False,False,0,0,False,True,0,65535,720
36271,0,1,744,0,48350,1,48359,1,0,0,0,0,0,0,0,0,0,0,-1,0,-1,0,1497,0,False,0,93,225,75,0,0,0,0,0,0,0,False,True,False,False,0,0,False,True,0,65535,720
36272,0,1,701,0,48351,1,48233,1,0,0,0,0,0,0,0,0,0,0,-1,0,-1,0,1497,0,False,0,66,123,50,0,0,0,0,0,0,0,False,True,False,False,0,0,False,False,7,52,720
36273,0,1,721,0,48352,1,48233,1,0,0,0,0,0,0,0,0,0,0,-1,0,-1,0,1497,0,False,0,75,154,94,0,0,0,0,0,0,0,False,True,False,False,0,0,False,False,7,53,720
36274,0,1,701,0,48353,1,48233,1,0,0,0,0,0,0,0,0,0,0,-1,0,-1,0,1497,0,False,0,25,113,25,0,0,0,0,0,0,0,False,True,False,True,0,0,False,False,0,65535,720
36275,0,1,721,0,48354,1,48233,1,0,0,0,0,0,0,0,0,0,0,-1,0,-1,0,1497,0,False,0,198,11,32,0,0,0,0,0,0,0,False,True,False,True,0,0,False,False,0,65535,720
36276,0,1,741,0,48355,1,48233,1,0,0,0,0,0,0,0,0,0,0,-1,0,-1,0,1497,0,False,0,96,174,100,0,0,0,0,0,0,0,False,True,False,True,0,0,False,False,0,65535,720
36277,0,1,721,0,48247,1,48233,1,0,0,0,0,0,0,0,0,0,0,-1,0,-1,0,1497,0,False,0,91,163,44,0,0,0,0,0,0,0,False,True,False,True,0,0,False,False,7,54,720
36278,0,1,741,0,48248,1,48233,1,0,0,0,0,0,0,0,0,0,0,-1,0,-1,0,1497,0,False,0,106,171,63,0,0,0,0,0,0,0,False,True,False,True,0,0,False,False,7,55,720
36279,0,1,701,0,48356,1,48233,1,0,0,0,0,0,0,0,0,0,0,-1,0,-1,0,1497,0,True,0,9,169,44,0,0,0,0,0,0,0,False,True,False,False,0,0,False,False,7,56,720
36280,0,1,721,0,48357,1,48233,1,0,0,0,0,0,0,0,0,0,0,-1,0,-1,0,1497,0,False,0,12,190,69,0,0,0,0,0,0,0,False,True,False,False,0,0,False,False,7,57,720
36281,0,1,741,0,48249,1,48233,1,0,0,0,0,0,0,0,0,0,0,-1,0,-1,0,1497,0,False,0,15,232,94,0,0,0,0,0,0,0,False,True,False,False,0,0,False,False,7,58,720
36282,0,1,746,0,48360,1,48233,1,0,0,0,0,0,0,0,0,0,0,-1,0,-1,0,1497,0,False,0,73,189,38,18900,0,0,0,0,0,0,False,False,False,True,0,0,False,True,0,65535,720
36283,0,1,746,0,48361,1,48360,1,0,0,0,0,0,0,0,0,0,0,-1,0,-1,0,1497,0,True,0,100,274,69,0,0,0,0,0,0,0,False,True,False,True,0,0,False,True,7,59,720
36284,0,0,0,0,0,0,0,0,0,0,0,0,0,0,0,0,0,0,0,0,0,0,0,0,False,0,0,0,0,0,0,0,0,0,0,0,False,False,False,False,0,0,False,False,0,0,0
36285,0,1,747,0,48362,1,48233,1,0,0,0,0,0,0,0,0,0,0,-1,0,-1,0,1497,0,False,0,65,180,44,18000,0,0,0,0,0,0,False,False,False,True,0,0,False,True,0,65535,720
36286,0,1,747,0,48363,1,48362,1,0,0,0,0,0,0,0,0,0,0,-1,0,-1,0,1497,0,True,0,95,268,75,0,0,0,0,0,0,0,False,True,False,True,0,0,False,True,7,60,720
36287,0,0,0,0,0,0,0,0,0,0,0,0,0,0,0,0,0,0,0,0,0,0,0,0,False,0,0,0,0,0,0,0,0,0,0,0,False,False,False,False,0,0,False,False,0,0,0
36288,0,1,748,0,48236,1,48233,1,0,0,0,0,0,0,0,0,0,0,-1,0,-1,0,1497,0,False,0,85,195,50,19500,0,0,0,0,0,0,False,False,False,True,0,0,False,True,0,65535,720
36289,0,0,0,0,0,0,0,0,0,0,0,0,0,0,0,0,0,0,0,0,0,0,0,0,False,0,0,0,0,0,0,0,0,0,0,0,False,False,False,False,0,0,False,False,0,0,0
36290,0,1,748,0,48358,1,48236,1,0,0,0,0,0,0,0,0,0,0,-1,0,-1,0,1497,0,True,0,114,298,88,29800,0,0,0,0,0,0,False,False,False,True,0,0,False,True,0,65535,720
36291,0,2,690,100,48238,1,48233,1,0,0,0,0,0,0,0,0,0,0,-1,0,-1,0,1498,0,False,0,61,48,50,0,0,0,0,0,0,0,False,True,False,False,0,0,False,False,0,65535,720
36292,0,2,690,100,48239,1,48233,1,0,0,0,0,0,0,0,0,0,0,-1,0,-1,0,1498,0,True,0,67,53,75,0,0,0,0,0,0,0,False,True,False,False,0,0,False,False,0,65535,720
36293,0,2,690,100,48240,1,48233,1,0,0,0,0,0,0,0,0,0,0,-1,0,-1,0,1498,0,False,0,67,59,100,0,0,0,0,0,0,0,False,True,False,False,0,0,False,False,0,65535,720
36294,0,2,690,100,48364,1,48233,1,0,0,0,0,0,0,0,0,0,0,-1,0,-1,0,1498,0,True,0,61,48,50,0,0,0,0,0,0,0,False,True,False,False,0,0,False,False,0,65535,720
36295,0,2,690,100,48250,1,48233,1,0,0,0,0,0,0,0,0,0,0,-1,0,-1,0,1498,0,True,0,67,53,75,0,0,0,0,0,0,0,False,True,False,False,0,0,False,False,0,65535,720
36296,0,2,690,100,48241,1,48233,1,0,0,0,0,0,0,0,0,0,0,-1,0,-1,0,1498,0,False,0,182,5,100,0,0,0,0,0,0,0,False,True,False,False,0,0,False,False,0,65535,720
36297,0,2,690,100,48238,1,48233,1,0,0,0,0,0,0,0,0,0,0,-1,0,-1,0,1498,0,False,0,192,5,100,0,0,0,0,0,0,0,False,True,False,False,0,0,False,False,0,65535,720
36298,0,2,690,100,48242,1,48233,1,0,0,0,0,0,0,0,0,0,0,-1,0,-1,0,1498,0,False,0,62,50,50,0,0,0,0,0,0,0,False,True,False,False,0,0,False,False,0,65535,720
36299,0,2,690,100,48365,1,48233,1,0,0,0,0,0,0,0,0,0,0,-1,0,-1,0,1498,0,False,0,70,62,100,0,0,0,0,0,0,0,False,True,False,False,0,0,False,False,7,63,720
36300,0,2,690,100,48370,1,48233,1,0,0,0,0,0,0,0,0,0,0,-1,0,-1,0,1498,0,True,0,62,50,50,0,0,0,0,0,0,0,False,True,False,False,0,0,False,False,0,65535,720
36301,0,2,690,100,48366,1,48370,2,0,0,0,0,0,0,0,0,0,0,-1,0,-1,0,1498,0,True,85,128,68,32,0,0,0,0,0,0,0,False,True,False,False,0,0,False,False,7,64,720
36302,0,2,690,100,48251,1,48233,1,0,0,0,0,0,0,0,0,0,0,-1,0,-1,0,1498,0,False,0,62,50,50,0,0,0,0,0,0,0,False,True,False,False,0,0,False,False,0,65535,720
36303,0,2,690,100,48367,1,48251,1,0,0,0,0,0,0,0,0,0,0,-1,0,-1,0,1498,0,False,30,70,89,100,0,0,0,0,0,0,0,False,True,False,False,0,0,False,False,7,65,720
36304,0,2,690,100,48252,1,48233,1,0,0,0,0,0,0,0,0,0,0,-1,0,-1,0,1498,0,False,0,62,50,50,0,0,0,0,0,0,0,False,True,False,False,0,0,False,False,0,65535,720
36305,0,2,690,100,48368,1,48252,3,0,0,0,0,0,0,0,0,0,0,-1,0,-1,0,1498,0,True,50,14,177,75,0,0,0,0,0,0,0,False,True,False,False,0,0,False,False,7,66,720
36306,0,2,690,100,48253,1,48233,1,0,0,0,0,0,0,0,0,0,0,-1,0,-1,0,1498,0,False,0,62,50,50,0,0,0,0,0,0,0,False,True,False,False,0,0,False,False,0,65535,720
36307,0,2,690,100,48369,1,48253,2,0,0,0,0,0,0,0,0,0,0,-1,0,-1,0,1498,0,False,50,77,125,100,0,0,0,0,0,0,0,False,True,False,False,0,0,False,False,7,67,720
36308,0,2,690,100,48371,1,48233,1,0,0,0,0,0,0,0,0,0,0,-1,0,-1,0,1498,0,True,0,70,76,100,0,0,0,0,0,0,0,False,True,False,False,0,0,False,False,0,65535,720
36309,0,2,690,100,48238,1,48233,1,0,0,0,0,0,0,0,0,0,0,-1,0,-1,0,1498,0,False,0,35,70,25,0,0,0,0,0,0,0,False,True,False,True,0,0,False,False,0,65535,720
36310,0,2,690,100,48372,1,48233,1,0,0,0,0,0,0,0,0,0,0,-1,0,-1,0,1498,0,False,0,11,108,100,0,0,0,0,0,0,0,False,True,False,False,0,0,False,False,7,68,720
36311,0,2,690,100,48373,1,48233,1,0,0,0,0,0,0,0,0,0,0,-1,0,-1,0,1498,0,False,0,53,81,75,0,0,0,0,0,0,0,False,True,False,False,0,0,False,False,7,69,720
36312,0,2,690,100,48374,1,48233,1,0,0,0,0,0,0,0,0,0,0,-1,0,-1,0,1498,0,False,0,53,78,57,0,0,0,0,0,0,0,False,True,False,True,0,0,False,False,0,65535,720
36313,0,2,690,100,48375,1,48233,1,0,0,0,0,0,0,0,0,0,0,-1,0,-1,0,1498,0,False,0,54,87,88,0,0,0,0,0,0,0,False,True,False,True,0,0,False,False,7,70,720
36314,0,2,690,100,48254,1,48233,1,0,0,0,0,0,0,0,0,0,0,-1,0,-1,0,1498,0,False,0,144,10,32,0,0,0,0,0,0,0,False,True,False,False,0,0,False,False,0,65535,720
36315,0,2,690,100,48376,1,48254,2,0,0,0,0,0,0,0,0,0,0,-1,0,-1,0,1498,0,True,90,211,70,100,0,0,0,0,0,0,0,False,True,False,False,0,0,False,False,0,65535,720
36316,0,2,690,100,48255,1,48233,1,0,0,0,0,0,0,0,0,0,0,-1,0,-1,0,1498,0,False,0,144,10,32,0,0,0,0,0,0,0,False,True,False,True,0,0,False,False,0,65535,720
36317,0,2,690,100,48377,1,48255,2,0,0,0,0,0,0,0,0,0,0,-1,0,-1,0,1498,0,False,45,70,139,100,0,0,0,0,0,0,0,False,True,False,True,0,0,False,False,0,65535,720
36318,0,2,701,0,48238,1,48233,1,0,0,0,0,0,0,0,0,0,0,-1,0,-1,0,1498,0,False,0,234,7,100,0,0,0,0,0,0,0,False,True,False,True,0,0,False,False,0,65535,720
36319,0,2,701,0,48243,1,48233,1,0,0,0,0,0,0,0,0,0,0,-1,0,-1,0,1498,0,False,0,85,140,100,0,0,0,0,0,0,0,False,True,False,False,0,0,False,False,7,71,720
36320,0,2,702,0,48378,1,48233,1,0,0,0,0,0,0,0,0,0,0,-1,0,-1,0,1498,0,False,0,99,203,100,0,0,0,0,0,0,0,False,True,False,False,0,0,False,True,7,295,720
36321,0,2,703,0,48379,1,48233,1,0,0,0,0,0,0,0,0,0,0,-1,0,-1,0,1498,0,False,0,4,210,75,0,0,0,0,0,0,0,False,True,False,True,0,0,False,True,7,72,720
36322,0,2,704,0,48244,1,48233,1,0,0,0,0,0,0,0,0,0,0,-1,0,-1,0,1498,0,False,0,75,150,88,0,0,0,0,0,0,0,False,True,False,False,0,0,False,True,7,73,720
36323,0,2,705,0,48245,1,48233,1,0,0,0,0,0,0,0,0,0,0,-1,0,-1,0,1498,0,False,0,75,150,88,0,0,0,0,0,0,0,False,True,False,False,0,0,False,True,7,74,720
36324,0,2,706,0,48246,1,48233,1,0,0,0,0,0,0,0,0,0,0,-1,0,-1,0,1498,0,False,0,75,150,88,0,0,0,0,0,0,0,False,True,False,False,0,0,False,True,7,75,720
36325,0,2,721,0,48380,1,48233,1,0,0,0,0,0,0,0,0,0,0,-1,0,-1,0,1498,0,False,0,78,149,82,0,0,0,0,0,0,0,False,True,False,False,0,0,False,False,7,76,720
36326,0,2,722,0,48381,1,48233,1,0,0,0,0,0,0,0,0,0,0,-1,0,-1,0,1498,0,False,0,90,230,100,0,0,0,0,0,0,0,False,True,False,True,0,0,False,True,7,77,720
36327,0,2,723,0,48382,1,48233,1,0,0,0,0,0,0,0,0,0,0,-1,0,-1,0,1498,0,False,0,87,220,88,0,0,0,0,0,0,0,False,True,False,True,0,0,False,True,7,78,720
36328,0,2,724,0,48383,1,48233,1,0,0,0,0,0,0,0,0,0,0,-1,0,-1,0,1498,0,False,0,100,120,69,0,0,0,0,0,0,0,False,True,False,False,0,0,False,True,7,79,720
36329,0,2,725,0,48384,1,48233,1,0,0,0,0,0,0,0,0,0,0,-1,0,-1,0,1498,0,False,0,100,120,69,0,0,0,0,0,0,0,False,True,False,False,0,0,False,True,7,80,720
36330,0,2,726,0,48385,1,48233,1,0,0,0,0,0,0,0,0,0,0,-1,0,-1,0,1498,0,False,0,100,120,69,0,0,0,0,0,0,0,False,True,False,False,0,0,False,True,7,81,720
36331,0,2,742,0,48256,1,48233,1,0,0,0,0,0,0,0,0,0,0,-1,0,-1,0,1498,0,False,0,47,149,25,14900,0,0,0,0,0,0,False,False,False,True,0,0,False,True,0,65535,720
36332,0,2,743,0,48386,1,48256,1,0,0,0,0,0,0,0,0,0,0,-1,0,-1,0,1498,0,False,0,95,240,75,0,0,0,0,0,0,0,False,True,False,True,0,0,False,True,0,65535,720
36333,0,2,742,0,48257,1,48233,1,0,0,0,0,0,0,0,0,0,0,-1,0,-1,0,1498,0,False,0,47,149,25,14900,0,0,0,0,0,0,False,False,False,False,0,0,False,True,0,65535,720
36334,0,2,744,0,48387,1,48257,1,0,0,0,0,0,0,0,0,0,0,-1,0,-1,0,1498,0,False,0,93,225,75,0,0,0,0,0,0,0,False,True,False,False,0,0,False,True,0,65535,720
36335,0,2,701,0,48388,1,48233,1,0,0,0,0,0,0,0,0,0,0,-1,0,-1,0,1498,0,False,0,66,123,50,0,0,0,0,0,0,0,False,True,False,False,0,0,False,False,7,82,720
36336,0,2,721,0,48389,1,48233,1,0,0,0,0,0,0,0,0,0,0,-1,0,-1,0,1498,0,False,0,75,154,94,0,0,0,0,0,0,0,False,True,False,False,0,0,False,False,7,83,720
36337,0,2,701,0,48390,1,48233,1,0,0,0,0,0,0,0,0,0,0,-1,0,-1,0,1498,0,False,0,25,113,25,0,0,0,0,0,0,0,False,True,False,True,0,0,False,False,0,65535,720
36338,0,2,721,0,48391,1,48233,1,0,0,0,0,0,0,0,0,0,0,-1,0,-1,0,1498,0,False,0,198,11,32,0,0,0,0,0,0,0,False,True,False,True,0,0,False,False,0,65535,720
36339,0,2,741,0,48392,1,48233,1,0,0,0,0,0,0,0,0,0,0,-1,0,-1,0,1498,0,False,0,96,174,100,0,0,0,0,0,0,0,False,True,False,True,0,0,False,False,0,65535,720
36340,0,2,721,0,48247,1,48233,1,0,0,0,0,0,0,0,0,0,0,-1,0,-1,0,1498,0,False,0,91,163,44,0,0,0,0,0,0,0,False,True,False,True,0,0,False,False,7,84,720
36341,0,2,741,0,48248,1,48233,1,0,0,0,0,0,0,0,0,0,0,-1,0,-1,0,1498,0,False,0,106,171,63,0,0,0,0,0,0,0,False,True,False,True,0,0,False,False,7,85,720
36342,0,2,701,0,48393,1,48233,1,0,0,0,0,0,0,0,0,0,0,-1,0,-1,0,1498,0,False,0,9,169,44,0,0,0,0,0,0,0,False,True,False,False,0,0,False,False,7,86,720
36343,0,2,721,0,48394,1,48233,1,0,0,0,0,0,0,0,0,0,0,-1,0,-1,0,1498,0,False,0,12,190,69,0,0,0,0,0,0,0,False,True,False,False,0,0,False,False,7,87,720
36344,0,2,741,0,48249,1,48233,1,0,0,0,0,0,0,0,0,0,0,-1,0,-1,0,1498,0,False,0,15,232,94,0,0,0,0,0,0,0,False,True,False,False,0,0,False,False,7,88,720
36345,0,2,746,0,48396,1,48233,1,0,0,0,0,0,0,0,0,0,0,-1,0,-1,0,1498,0,False,0,73,189,38,18900,0,0,0,0,0,0,False,False,False,True,0,0,False,True,0,65535,720
36346,0,2,746,0,48397,1,48396,1,0,0,0,0,0,0,0,0,0,0,-1,0,-1,0,1498,0,False,0,100,274,69,0,0,0,0,0,0,0,False,True,False,True,0,0,False,True,7,89,720
36347,0,0,0,0,0,0,0,0,0,0,0,0,0,0,0,0,0,0,0,0,0,0,0,0,False,0,0,0,0,0,0,0,0,0,0,0,False,False,False,False,0,0,False,False,0,0,0
36348,0,2,747,0,48398,1,48233,1,0,0,0,0,0,0,0,0,0,0,-1,0,-1,0,1498,0,False,0,65,180,44,18000,0,0,0,0,0,0,False,False,False,True,0,0,False,True,0,65535,720
36349,0,2,747,0,48399,1,48398,1,0,0,0,0,0,0,0,0,0,0,-1,0,-1,0,1498,0,False,0,95,268,75,0,0,0,0,0,0,0,False,True,False,True,0,0,False,True,7,90,720
36350,0,0,0,0,0,0,0,0,0,0,0,0,0,0,0,0,0,0,0,0,0,0,0,0,False,0,0,0,0,0,0,0,0,0,0,0,False,False,False,False,0,0,False,False,0,0,0
36351,0,2,748,0,48236,1,48233,1,0,0,0,0,0,0,0,0,0,0,-1,0,-1,0,1498,0,False,0,85,195,50,19500,0,0,0,0,0,0,False,False,False,True,0,0,False,True,0,65535,720
36352,0,0,0,0,0,0,0,0,0,0,0,0,0,0,0,0,0,0,0,0,0,0,0,0,False,0,0,0,0,0,0,0,0,0,0,0,False,False,False,False,0,0,False,False,0,0,0
36353,0,2,748,0,48395,1,48236,1,0,0,0,0,0,0,0,0,0,0,-1,0,-1,0,1498,0,True,0,114,298,88,29800,0,0,0,0,0,0,False,False,False,True,0,0,False,True,0,65535,720
36354,0,3,690,100,48238,1,48233,1,0,0,0,0,0,0,0,0,0,0,-1,0,-1,0,1499,0,False,0,61,48,50,0,0,0,0,0,0,0,False,True,False,False,0,0,False,False,0,65535,720
36355,0,3,690,100,48239,1,48233,1,0,0,0,0,0,0,0,0,0,0,-1,0,-1,0,1499,0,True,0,67,53,75,0,0,0,0,0,0,0,False,True,False,False,0,0,False,False,0,65535,720
36356,0,3,690,100,48240,1,48233,1,0,0,0,0,0,0,0,0,0,0,-1,0,-1,0,1499,0,False,0,67,59,100,0,0,0,0,0,0,0,False,True,False,False,0,0,False,False,0,65535,720
36357,0,3,690,100,48400,1,48233,1,0,0,0,0,0,0,0,0,0,0,-1,0,-1,0,1499,0,True,0,61,48,50,0,0,0,0,0,0,0,False,True,False,False,0,0,False,False,0,65535,720
36358,0,3,690,100,48250,1,48233,1,0,0,0,0,0,0,0,0,0,0,-1,0,-1,0,1499,0,True,0,67,53,75,0,0,0,0,0,0,0,False,True,False,False,0,0,False,False,0,65535,720
36359,0,3,690,100,48401,1,48233,1,0,0,0,0,0,0,0,0,0,0,-1,0,-1,0,1499,0,False,0,182,5,100,0,0,0,0,0,0,0,False,True,False,False,0,0,False,False,0,65535,720
36360,0,3,690,100,48238,1,48233,1,0,0,0,0,0,0,0,0,0,0,-1,0,-1,0,1499,0,False,0,192,5,100,0,0,0,0,0,0,0,False,True,False,False,0,0,False,False,0,65535,720
36361,0,3,690,100,48242,1,48233,1,0,0,0,0,0,0,0,0,0,0,-1,0,-1,0,1499,0,False,0,62,50,50,0,0,0,0,0,0,0,False,True,False,False,0,0,False,False,0,65535,720
36362,0,3,690,100,48402,1,48233,1,0,0,0,0,0,0,0,0,0,0,-1,0,-1,0,1499,0,False,0,70,62,100,0,0,0,0,0,0,0,False,True,False,False,0,0,False,False,7,93,720
36363,0,3,690,100,48370,1,48233,1,0,0,0,0,0,0,0,0,0,0,-1,0,-1,0,1499,0,True,0,62,50,50,0,0,0,0,0,0,0,False,True,False,False,0,0,False,False,0,65535,720
36364,0,3,690,100,48403,1,48370,2,0,0,0,0,0,0,0,0,0,0,-1,0,-1,0,1499,0,False,85,128,68,32,0,0,0,0,0,0,0,False,True,False,False,0,0,False,False,7,94,720
36365,0,3,690,100,48251,1,48233,1,0,0,0,0,0,0,0,0,0,0,-1,0,-1,0,1499,0,False,0,62,50,50,0,0,0,0,0,0,0,False,True,False,False,0,0,False,False,0,65535,720
36366,0,3,690,100,48404,1,48251,1,0,0,0,0,0,0,0,0,0,0,-1,0,-1,0,1499,0,False,30,70,89,100,0,0,0,0,0,0,0,False,True,False,False,0,0,False,False,7,95,720
36367,0,3,690,100,48252,1,48233,1,0,0,0,0,0,0,0,0,0,0,-1,0,-1,0,1499,0,False,0,62,50,50,0,0,0,0,0,0,0,False,True,False,False,0,0,False,False,0,65535,720
36368,0,3,690,100,48405,1,48252,3,0,0,0,0,0,0,0,0,0,0,-1,0,-1,0,1499,0,False,50,14,177,75,0,0,0,0,0,0,0,False,True,False,False,0,0,False,False,7,96,720
36369,0,3,690,100,48253,1,48233,1,0,0,0,0,0,0,0,0,0,0,-1,0,-1,0,1499,0,False,0,62,50,50,0,0,0,0,0,0,0,False,True,False,False,0,0,False,False,0,65535,720
36370,0,3,690,100,48406,1,48253,2,0,0,0,0,0,0,0,0,0,0,-1,0,-1,0,1499,0,False,50,77,125,100,0,0,0,0,0,0,0,False,True,False,False,0,0,False,False,7,97,720
36371,0,3,690,100,48407,1,48233,1,0,0,0,0,0,0,0,0,0,0,-1,0,-1,0,1499,0,False,0,70,76,100,0,0,0,0,0,0,0,False,True,False,False,0,0,False,False,0,65535,720
36372,0,3,690,100,48238,1,48233,1,0,0,0,0,0,0,0,0,0,0,-1,0,-1,0,1499,0,False,0,35,70,25,0,0,0,0,0,0,0,False,True,False,True,0,0,False,False,0,65535,720
36373,0,3,690,100,48408,1,48233,1,0,0,0,0,0,0,0,0,0,0,-1,0,-1,0,1499,0,False,0,11,108,100,0,0,0,0,0,0,0,False,True,False,False,0,0,False,False,7,98,720
36374,0,3,690,100,48409,1,48233,1,0,0,0,0,0,0,0,0,0,0,-1,0,-1,0,1499,0,False,0,53,81,75,0,0,0,0,0,0,0,False,True,False,False,0,0,False,False,7,99,720
36375,0,3,690,100,48410,1,48233,1,0,0,0,0,0,0,0,0,0,0,-1,0,-1,0,1499,0,False,0,53,78,57,0,0,0,0,0,0,0,False,True,False,True,0,0,False,False,0,65535,720
36376,0,3,690,100,48411,1,48233,1,0,0,0,0,0,0,0,0,0,0,-1,0,-1,0,1499,0,True,0,54,87,88,0,0,0,0,0,0,0,False,True,False,True,0,0,False,False,7,100,720
36377,0,3,690,100,48254,1,48233,1,0,0,0,0,0,0,0,0,0,0,-1,0,-1,0,1499,0,False,0,144,10,32,0,0,0,0,0,0,0,False,True,False,False,0,0,False,False,0,65535,720
36378,0,3,690,100,48412,1,48254,2,0,0,0,0,0,0,0,0,0,0,-1,0,-1,0,1499,0,False,90,211,70,100,0,0,0,0,0,0,0,False,True,False,False,0,0,False,False,0,65535,720
36379,0,3,690,100,48255,1,48233,1,0,0,0,0,0,0,0,0,0,0,-1,0,-1,0,1499,0,False,0,144,10,32,0,0,0,0,0,0,0,False,True,False,True,0,0,False,False,0,65535,720
36380,0,3,690,100,48413,1,48255,2,0,0,0,0,0,0,0,0,0,0,-1,0,-1,0,1499,0,False,45,70,139,100,0,0,0,0,0,0,0,False,True,False,True,0,0,False,False,0,65535,720
36381,0,3,701,0,48238,1,48233,1,0,0,0,0,0,0,0,0,0,0,-1,0,-1,0,1499,0,False,0,234,7,100,0,0,0,0,0,0,0,False,True,False,True,0,0,False,False,0,65535,720
36382,0,3,701,0,48243,1,48233,1,0,0,0,0,0,0,0,0,0,0,-1,0,-1,0,1499,0,False,0,85,140,100,0,0,0,0,0,0,0,False,True,False,False,0,0,False,False,7,101,720
36383,0,3,702,0,48414,1,48233,1,0,0,0,0,0,0,0,0,0,0,-1,0,-1,0,1499,0,False,0,99,203,100,0,0,0,0,0,0,0,False,True,False,False,0,0,False,True,7,296,720
36384,0,3,703,0,48415,1,48233,1,0,0,0,0,0,0,0,0,0,0,-1,0,-1,0,1499,0,False,0,4,210,75,0,0,0,0,0,0,0,False,True,False,True,0,0,False,True,7,102,720
36385,0,3,704,0,48244,1,48233,1,0,0,0,0,0,0,0,0,0,0,-1,0,-1,0,1499,0,False,0,75,150,88,0,0,0,0,0,0,0,False,True,False,False,0,0,False,True,7,103,720
36386,0,3,705,0,48245,1,48233,1,0,0,0,0,0,0,0,0,0,0,-1,0,-1,0,1499,0,False,0,75,150,88,0,0,0,0,0,0,0,False,True,False,False,0,0,False,True,7,104,720
36387,0,3,706,0,48246,1,48233,1,0,0,0,0,0,0,0,0,0,0,-1,0,-1,0,1499,0,False,0,75,150,88,0,0,0,0,0,0,0,False,True,False,False,0,0,False,True,7,105,720
36388,0,3,721,0,48416,1,48233,1,0,0,0,0,0,0,0,0,0,0,-1,0,-1,0,1499,0,False,0,78,149,82,0,0,0,0,0,0,0,False,True,False,False,0,0,False,False,7,106,720
36389,0,3,722,0,48417,1,48233,1,0,0,0,0,0,0,0,0,0,0,-1,0,-1,0,1499,0,False,0,90,230,100,0,0,0,0,0,0,0,False,True,False,True,0,0,False,True,7,107,720
36390,0,3,723,0,48418,1,48233,1,0,0,0,0,0,0,0,0,0,0,-1,0,-1,0,1499,0,False,0,87,220,88,0,0,0,0,0,0,0,False,True,False,True,0,0,False,True,7,108,720
36391,0,3,724,0,48419,1,48233,1,0,0,0,0,0,0,0,0,0,0,-1,0,-1,0,1499,0,False,0,100,120,69,0,0,0,0,0,0,0,False,True,False,False,0,0,False,True,7,109,720
36392,0,3,725,0,48420,1,48233,1,0,0,0,0,0,0,0,0,0,0,-1,0,-1,0,1499,0,False,0,100,120,69,0,0,0,0,0,0,0,False,True,False,False,0,0,False,True,7,110,720
36393,0,3,726,0,48421,1,48233,1,0,0,0,0,0,0,0,0,0,0,-1,0,-1,0,1499,0,False,0,100,120,69,0,0,0,0,0,0,0,False,True,False,False,0,0,False,True,7,111,720
36394,0,3,742,0,48432,1,48233,1,0,0,0,0,0,0,0,0,0,0,-1,0,-1,0,1499,0,False,0,47,149,25,14900,0,0,0,0,0,0,False,False,False,True,0,0,False,True,0,65535,720
36395,0,3,743,0,48422,1,48432,1,0,0,0,0,0,0,0,0,0,0,-1,0,-1,0,1499,0,False,0,95,240,75,0,0,0,0,0,0,0,False,True,False,True,0,0,False,True,0,65535,720
36396,0,3,742,0,48257,1,48233,1,0,0,0,0,0,0,0,0,0,0,-1,0,-1,0,1499,0,False,0,47,149,25,14900,0,0,0,0,0,0,False,False,False,False,0,0,False,True,0,65535,720
36397,0,3,744,0,48423,1,48257,1,0,0,0,0,0,0,0,0,0,0,-1,0,-1,0,1499,0,False,0,93,225,75,0,0,0,0,0,0,0,False,True,False,False,0,0,False,True,0,65535,720
36398,0,3,701,0,48424,1,48233,1,0,0,0,0,0,0,0,0,0,0,-1,0,-1,0,1499,0,False,0,66,123,50,0,0,0,0,0,0,0,False,True,False,False,0,0,False,False,7,112,720
36399,0,3,721,0,48425,1,48233,1,0,0,0,0,0,0,0,0,0,0,-1,0,-1,0,1499,0,False,0,75,154,94,0,0,0,0,0,0,0,False,True,False,False,0,0,False,False,7,113,720
36400,0,3,701,0,48426,1,48233,1,0,0,0,0,0,0,0,0,0,0,-1,0,-1,0,1499,0,False,0,25,113,25,0,0,0,0,0,0,0,False,True,False,True,0,0,False,False,0,65535,720
36401,0,3,721,0,48427,1,48233,1,0,0,0,0,0,0,0,0,0,0,-1,0,-1,0,1499,0,False,0,198,11,32,0,0,0,0,0,0,0,False,True,False,True,0,0,False,False,0,65535,720
36402,0,3,741,0,48428,1,48233,1,0,0,0,0,0,0,0,0,0,0,-1,0,-1,0,1499,0,False,0,96,174,100,0,0,0,0,0,0,0,False,True,False,True,0,0,False,False,0,65535,720
36403,0,3,721,0,48247,1,48233,1,0,0,0,0,0,0,0,0,0,0,-1,0,-1,0,1499,0,False,0,91,163,44,0,0,0,0,0,0,0,False,True,False,True,0,0,False,False,7,114,720
36404,0,3,741,0,48248,1,48233,1,0,0,0,0,0,0,0,0,0,0,-1,0,-1,0,1499,0,False,0,106,171,63,0,0,0,0,0,0,0,False,True,False,True,0,0,False,False,7,115,720
36405,0,3,701,0,48429,1,48233,1,0,0,0,0,0,0,0,0,0,0,-1,0,-1,0,1499,0,False,0,9,169,44,0,0,0,0,0,0,0,False,True,False,False,0,0,False,False,7,116,720
36406,0,3,721,0,48430,1,48233,1,0,0,0,0,0,0,0,0,0,0,-1,0,-1,0,1499,0,True,0,12,190,69,0,0,0,0,0,0,0,False,True,False,False,0,0,False,False,7,117,720
36407,0,3,741,0,48249,1,48233,1,0,0,0,0,0,0,0,0,0,0,-1,0,-1,0,1499,0,False,0,15,232,94,0,0,0,0,0,0,0,False,True,False,False,0,0,False,False,7,118,720
36408,0,3,746,0,48433,1,48233,1,0,0,0,0,0,0,0,0,0,0,-1,0,-1,0,1499,0,False,0,73,189,38,18900,0,0,0,0,0,0,False,False,False,True,0,0,False,True,0,65535,720
36409,0,3,746,0,48434,1,48433,1,0,0,0,0,0,0,0,0,0,0,-1,0,-1,0,1499,0,False,0,100,274,69,0,0,0,0,0,0,0,False,True,False,True,0,0,False,True,7,119,720
36410,0,0,0,0,0,0,0,0,0,0,0,0,0,0,0,0,0,0,0,0,0,0,0,0,False,0,0,0,0,0,0,0,0,0,0,0,False,False,False,False,0,0,False,False,0,0,0
36411,0,3,747,0,48435,1,48233,1,0,0,0,0,0,0,0,0,0,0,-1,0,-1,0,1499,0,False,0,65,180,44,18000,0,0,0,0,0,0,False,False,False,True,0,0,False,True,0,65535,720
36412,0,3,747,0,48436,1,48435,1,0,0,0,0,0,0,0,0,0,0,-1,0,-1,0,1499,0,False,0,95,268,75,0,0,0,0,0,0,0,False,True,False,True,0,0,False,True,7,120,720
36413,0,0,0,0,0,0,0,0,0,0,0,0,0,0,0,0,0,0,0,0,0,0,0,0,False,0,0,0,0,0,0,0,0,0,0,0,False,False,False,False,0,0,False,False,0,0,0
36414,0,3,748,0,48236,1,48233,1,0,0,0,0,0,0,0,0,0,0,-1,0,-1,0,1499,0,False,0,85,195,50,19500,0,0,0,0,0,0,False,False,False,True,0,0,False,True,0,65535,720
36415,0,0,0,0,0,0,0,0,0,0,0,0,0,0,0,0,0,0,0,0,0,0,0,0,False,0,0,0,0,0,0,0,0,0,0,0,False,False,False,False,0,0,False,False,0,0,0
36416,0,3,748,0,48431,1,48236,1,0,0,0,0,0,0,0,0,0,0,-1,0,-1,0,1499,0,False,0,114,298,88,29800,0,0,0,0,0,0,False,False,False,True,0,0,False,True,0,65535,720
36417,0,4,690,100,48259,1,48233,1,0,0,0,0,0,0,0,0,0,0,-1,0,-1,0,1500,0,False,0,61,48,50,0,0,0,0,0,0,0,False,True,False,False,0,0,False,False,0,65535,720
36418,0,4,690,100,48437,1,48233,1,0,0,0,0,0,0,0,0,0,0,-1,0,-1,0,1500,0,False,0,67,53,75,0,0,0,0,0,0,0,False,True,False,False,0,0,False,False,0,65535,720
36419,0,4,690,100,48438,1,48233,1,0,0,0,0,0,0,0,0,0,0,-1,0,-1,0,1500,0,False,0,67,59,100,0,0,0,0,0,0,0,False,True,False,False,0,0,False,False,0,65535,720
36420,0,4,690,100,48439,1,48233,1,0,0,0,0,0,0,0,0,0,0,-1,0,-1,0,1500,0,False,0,61,48,50,0,0,0,0,0,0,0,False,True,False,False,0,0,False,False,0,65535,720
36421,0,4,690,100,48440,1,48233,1,0,0,0,0,0,0,0,0,0,0,-1,0,-1,0,1500,0,True,0,67,53,75,0,0,0,0,0,0,0,False,True,False,False,0,0,False,False,0,65535,720
36422,0,4,690,100,48441,1,48233,1,0,0,0,0,0,0,0,0,0,0,-1,0,-1,0,1500,0,True,0,182,5,100,0,0,0,0,0,0,0,False,True,False,False,0,0,False,False,0,65535,720
36423,0,4,690,100,48259,1,48233,1,0,0,0,0,0,0,0,0,0,0,-1,0,-1,0,1500,0,False,0,192,5,100,0,0,0,0,0,0,0,False,True,False,False,0,0,False,False,0,65535,720
36424,0,4,690,100,48442,1,48233,1,0,0,0,0,0,0,0,0,0,0,-1,0,-1,0,1500,0,True,0,62,50,50,0,0,0,0,0,0,0,False,True,False,False,0,0,False,False,0,65535,720
36425,0,4,690,100,48443,1,48233,1,0,0,0,0,0,0,0,0,0,0,-1,0,-1,0,1500,0,True,0,70,62,100,0,0,0,0,0,0,0,False,True,False,False,0,0,False,False,7,123,720
36426,0,4,690,100,48448,1,48233,1,0,0,0,0,0,0,0,0,0,0,-1,0,-1,0,1500,0,False,0,62,50,50,0,0,0,0,0,0,0,False,True,False,False,0,0,False,False,0,65535,720
36427,0,4,690,100,48444,1,48448,2,0,0,0,0,0,0,0,0,0,0,-1,0,-1,0,1500,0,False,85,128,68,32,0,0,0,0,0,0,0,False,True,False,False,0,0,False,False,7,124,720
36428,0,4,690,100,48449,1,48233,1,0,0,0,0,0,0,0,0,0,0,-1,0,-1,0,1500,0,False,0,62,50,50,0,0,0,0,0,0,0,False,True,False,False,0,0,False,False,0,65535,720
36429,0,4,690,100,48445,1,48449,1,0,0,0,0,0,0,0,0,0,0,-1,0,-1,0,1500,0,False,30,70,89,100,0,0,0,0,0,0,0,False,True,False,False,0,0,False,False,7,125,720
36430,0,4,690,100,48450,1,48233,1,0,0,0,0,0,0,0,0,0,0,-1,0,-1,0,1500,0,False,0,62,50,50,0,0,0,0,0,0,0,False,True,False,False,0,0,False,False,0,65535,720
36431,0,4,690,100,48446,1,48450,3,0,0,0,0,0,0,0,0,0,0,-1,0,-1,0,1500,0,False,50,14,177,75,0,0,0,0,0,0,0,False,True,False,False,0,0,False,False,7,126,720
36432,0,4,690,100,48451,1,48233,1,0,0,0,0,0,0,0,0,0,0,-1,0,-1,0,1500,0,False,0,62,50,50,0,0,0,0,0,0,0,False,True,False,False,0,0,False,False,0,65535,720
36433,0,4,690,100,48447,1,48451,2,0,0,0,0,0,0,0,0,0,0,-1,0,-1,0,1500,0,False,50,77,125,100,0,0,0,0,0,0,0,False,True,False,False,0,0,False,False,7,127,720
36434,0,4,690,100,48452,1,48233,1,0,0,0,0,0,0,0,0,0,0,-1,0,-1,0,1500,0,False,0,70,76,100,0,0,0,0,0,0,0,False,True,False,False,0,0,False,False,0,65535,720
36435,0,4,690,100,48259,1,48233,1,0,0,0,0,0,0,0,0,0,0,-1,0,-1,0,1500,0,False,0,35,70,25,0,0,0,0,0,0,0,False,True,False,True,0,0,False,False,0,65535,720
36436,0,4,690,100,48453,1,48233,1,0,0,0,0,0,0,0,0,0,0,-1,0,-1,0,1500,0,False,0,11,108,100,0,0,0,0,0,0,0,False,True,False,False,0,0,False,False,7,128,720
36437,0,4,690,100,48454,1,48233,1,0,0,0,0,0,0,0,0,0,0,-1,0,-1,0,1500,0,False,0,53,81,75,0,0,0,0,0,0,0,False,True,False,False,0,0,False,False,7,129,720
36438,0,4,690,100,48455,1,48233,1,0,0,0,0,0,0,0,0,0,0,-1,0,-1,0,1500,0,False,0,53,78,57,0,0,0,0,0,0,0,False,True,False,True,0,0,False,False,0,65535,720
36439,0,4,690,100,48456,1,48233,1,0,0,0,0,0,0,0,0,0,0,-1,0,-1,0,1500,0,False,0,54,87,88,0,0,0,0,0,0,0,False,True,False,True,0,0,False,False,7,130,720
36440,0,4,690,100,48264,1,48233,1,0,0,0,0,0,0,0,0,0,0,-1,0,-1,0,1500,0,False,0,144,10,32,0,0,0,0,0,0,0,False,True,False,False,0,0,False,False,0,65535,720
36441,0,4,690,100,48457,1,48264,2,0,0,0,0,0,0,0,0,0,0,-1,0,-1,0,1500,0,True,90,211,70,100,0,0,0,0,0,0,0,False,True,False,False,0,0,False,False,0,65535,720
36442,0,4,690,100,48264,1,48233,1,0,0,0,0,0,0,0,0,0,0,-1,0,-1,0,1500,0,False,0,144,10,32,0,0,0,0,0,0,0,False,True,False,True,0,0,False,False,0,65535,720
36443,0,4,690,100,48458,1,48264,2,0,0,0,0,0,0,0,0,0,0,-1,0,-1,0,1500,0,True,45,70,139,100,0,0,0,0,0,0,0,False,True,False,True,0,0,False,False,0,65535,720
36444,0,4,701,0,48259,1,48233,1,0,0,0,0,0,0,0,0,0,0,-1,0,-1,0,1500,0,False,0,234,7,100,0,0,0,0,0,0,0,False,True,False,True,0,0,False,False,0,65535,720
36445,0,4,701,0,48459,1,48233,1,0,0,0,0,0,0,0,0,0,0,-1,0,-1,0,1500,0,False,0,85,140,100,0,0,0,0,0,0,0,False,True,False,False,0,0,False,False,7,131,720
36446,0,4,702,0,48460,1,48233,1,0,0,0,0,0,0,0,0,0,0,-1,0,-1,0,1500,0,False,0,99,203,100,0,0,0,0,0,0,0,False,True,False,False,0,0,False,True,7,297,720
36447,0,4,703,0,48461,1,48233,1,0,0,0,0,0,0,0,0,0,0,-1,0,-1,0,1500,0,False,0,4,210,75,0,0,0,0,0,0,0,False,True,False,True,0,0,False,True,7,132,720
36448,0,4,704,0,48462,1,48233,1,0,0,0,0,0,0,0,0,0,0,-1,0,-1,0,1500,0,False,0,75,150,88,0,0,0,0,0,0,0,False,True,False,False,0,0,False,True,7,133,720
36449,0,4,705,0,48463,1,48233,1,0,0,0,0,0,0,0,0,0,0,-1,0,-1,0,1500,0,False,0,75,150,88,0,0,0,0,0,0,0,False,True,False,False,0,0,False,True,7,134,720
36450,0,4,706,0,48464,1,48233,1,0,0,0,0,0,0,0,0,0,0,-1,0,-1,0,1500,0,False,0,75,150,88,0,0,0,0,0,0,0,False,True,False,False,0,0,False,True,7,135,720
36451,0,4,721,0,48465,1,48233,1,0,0,0,0,0,0,0,0,0,0,-1,0,-1,0,1500,0,True,0,78,149,82,0,0,0,0,0,0,0,False,True,False,False,0,0,False,False,7,136,720
36452,0,4,722,0,48466,1,48233,1,0,0,0,0,0,0,0,0,0,0,-1,0,-1,0,1500,0,True,0,90,230,100,0,0,0,0,0,0,0,False,True,False,True,0,0,False,True,7,137,720
36453,0,4,723,0,48467,1,48233,1,0,0,0,0,0,0,0,0,0,0,-1,0,-1,0,1500,0,True,0,87,220,88,0,0,0,0,0,0,0,False,True,False,True,0,0,False,True,7,138,720
36454,0,4,724,0,48468,1,48233,1,0,0,0,0,0,0,0,0,0,0,-1,0,-1,0,1500,0,False,0,100,120,69,0,0,0,0,0,0,0,False,True,False,False,0,0,False,True,7,139,720
36455,0,4,725,0,48469,1,48233,1,0,0,0,0,0,0,0,0,0,0,-1,0,-1,0,1500,0,False,0,100,120,69,0,0,0,0,0,0,0,False,True,False,False,0,0,False,True,7,140,720
36456,0,4,726,0,48470,1,48233,1,0,0,0,0,0,0,0,0,0,0,-1,0,-1,0,1500,0,False,0,100,120,69,0,0,0,0,0,0,0,False,True,False,False,0,0,False,True,7,141,720
36457,0,4,742,0,48265,1,48233,1,0,0,0,0,0,0,0,0,0,0,-1,0,-1,0,1500,0,False,0,47,149,25,14900,0,0,0,0,0,0,False,False,False,True,0,0,False,True,0,65535,720
36458,0,4,743,0,48471,1,48265,1,0,0,0,0,0,0,0,0,0,0,-1,0,-1,0,1500,0,True,0,95,240,75,0,0,0,0,0,0,0,False,True,False,True,0,0,False,True,0,65535,720
36459,0,4,742,0,48265,1,48233,1,0,0,0,0,0,0,0,0,0,0,-1,0,-1,0,1500,0,False,0,47,149,25,14900,0,0,0,0,0,0,False,False,False,False,0,0,False,True,0,65535,720
36460,0,4,744,0,48472,1,48265,1,0,0,0,0,0,0,0,0,0,0,-1,0,-1,0,1500,0,False,0,93,225,75,0,0,0,0,0,0,0,False,True,False,False,0,0,False,True,0,65535,720
36461,0,4,701,0,48473,1,48233,1,0,0,0,0,0,0,0,0,0,0,-1,0,-1,0,1500,0,False,0,66,123,50,0,0,0,0,0,0,0,False,True,False,False,0,0,False,False,7,142,720
36462,0,4,721,0,48474,1,48233,1,0,0,0,0,0,0,0,0,0,0,-1,0,-1,0,1500,0,True,0,75,154,94,0,0,0,0,0,0,0,False,True,False,False,0,0,False,False,7,143,720
36463,0,4,701,0,48475,1,48233,1,0,0,0,0,0,0,0,0,0,0,-1,0,-1,0,1500,0,False,0,25,113,25,0,0,0,0,0,0,0,False,True,False,True,0,0,False,False,0,65535,720
36464,0,4,721,0,48476,1,48233,1,0,0,0,0,0,0,0,0,0,0,-1,0,-1,0,1500,0,False,0,198,11,32,0,0,0,0,0,0,0,False,True,False,True,0,0,False,False,0,65535,720
36465,0,4,741,0,48477,1,48233,1,0,0,0,0,0,0,0,0,0,0,-1,0,-1,0,1500,0,False,0,96,174,100,0,0,0,0,0,0,0,False,True,False,True,0,0,False,False,0,65535,720
36466,0,4,721,0,48478,1,48233,1,0,0,0,0,0,0,0,0,0,0,-1,0,-1,0,1500,0,False,0,91,163,44,0,0,0,0,0,0,0,False,True,False,True,0,0,False,False,7,144,720
36467,0,4,741,0,48479,1,48233,1,0,0,0,0,0,0,0,0,0,0,-1,0,-1,0,1500,0,True,0,106,171,63,0,0,0,0,0,0,0,False,True,False,True,0,0,False,False,7,145,720
36468,0,4,701,0,48480,1,48233,1,0,0,0,0,0,0,0,0,0,0,-1,0,-1,0,1500,0,False,0,9,169,44,0,0,0,0,0,0,0,False,True,False,False,0,0,False,False,7,146,720
36469,0,4,721,0,48481,1,48233,1,0,0,0,0,0,0,0,0,0,0,-1,0,-1,0,1500,0,False,0,12,190,69,0,0,0,0,0,0,0,False,True,False,False,0,0,False,False,7,147,720
36470,0,4,741,0,48261,1,48233,1,0,0,0,0,0,0,0,0,0,0,-1,0,-1,0,1500,0,False,0,15,232,94,0,0,0,0,0,0,0,False,True,False,False,0,0,False,False,7,148,720
36471,0,4,746,0,48483,1,48233,1,0,0,0,0,0,0,0,0,0,0,-1,0,-1,0,1500,0,False,0,73,189,38,18900,0,0,0,0,0,0,False,False,False,True,0,0,False,True,0,65535,720
36472,0,4,746,0,48484,1,48483,1,0,0,0,0,0,0,0,0,0,0,-1,0,-1,0,1500,0,False,0,100,274,69,0,0,0,0,0,0,0,False,True,False,True,0,0,False,True,7,149,720
36473,0,0,0,0,0,0,0,0,0,0,0,0,0,0,0,0,0,0,0,0,0,0,0,0,False,0,0,0,0,0,0,0,0,0,0,0,False,False,False,False,0,0,False,False,0,0,0
36474,0,4,747,0,48485,1,48233,1,0,0,0,0,0,0,0,0,0,0,-1,0,-1,0,1500,0,False,0,65,180,44,18000,0,0,0,0,0,0,False,False,False,True,0,0,False,True,0,65535,720
36475,0,4,747,0,48486,1,48485,1,0,0,0,0,0,0,0,0,0,0,-1,0,-1,0,1500,0,False,0,95,268,75,0,0,0,0,0,0,0,False,True,False,True,0,0,False,True,7,150,720
36476,0,0,0,0,0,0,0,0,0,0,0,0,0,0,0,0,0,0,0,0,0,0,0,0,False,0,0,0,0,0,0,0,0,0,0,0,False,False,False,False,0,0,False,False,0,0,0
36477,0,4,748,0,48236,1,48233,1,0,0,0,0,0,0,0,0,0,0,-1,0,-1,0,1500,0,False,0,85,195,50,19500,0,0,0,0,0,0,False,False,False,True,0,0,False,True,0,65535,720
36478,0,0,0,0,0,0,0,0,0,0,0,0,0,0,0,0,0,0,0,0,0,0,0,0,False,0,0,0,0,0,0,0,0,0,0,0,False,False,False,False,0,0,False,False,0,0,0
36479,0,4,748,0,48482,1,48236,1,0,0,0,0,0,0,0,0,0,0,-1,0,-1,0,1500,0,False,0,114,298,88,29800,0,0,0,0,0,0,False,False,False,True,0,0,False,True,0,65535,720
36480,0,5,690,100,48260,1,48233,1,0,0,0,0,0,0,0,0,0,0,-1,0,-1,0,1501,0,True,0,61,48,50,0,0,0,0,0,0,0,False,True,False,False,0,0,False,False,0,65535,720
36481,0,5,690,100,48487,1,48233,1,0,0,0,0,0,0,0,0,0,0,-1,0,-1,0,1501,0,True,0,67,53,75,0,0,0,0,0,0,0,False,True,False,False,0,0,False,False,0,65535,720
36482,0,5,690,100,48488,1,48233,1,0,0,0,0,0,0,0,0,0,0,-1,0,-1,0,1501,0,False,0,67,59,100,0,0,0,0,0,0,0,False,True,False,False,0,0,False,False,0,65535,720
36483,0,5,690,100,48489,1,48233,1,0,0,0,0,0,0,0,0,0,0,-1,0,-1,0,1501,0,True,0,61,48,50,0,0,0,0,0,0,0,False,True,False,False,0,0,False,False,0,65535,720
36484,0,5,690,100,48490,1,48233,1,0,0,0,0,0,0,0,0,0,0,-1,0,-1,0,1501,0,True,0,67,53,75,0,0,0,0,0,0,0,False,True,False,False,0,0,False,False,0,65535,720
36485,0,5,690,100,48491,1,48233,1,0,0,0,0,0,0,0,0,0,0,-1,0,-1,0,1501,0,False,0,182,5,100,0,0,0,0,0,0,0,False,True,False,False,0,0,False,False,0,65535,720
36486,0,5,690,100,48260,1,48233,1,0,0,0,0,0,0,0,0,0,0,-1,0,-1,0,1501,0,True,0,192,5,100,0,0,0,0,0,0,0,False,True,False,False,0,0,False,False,0,65535,720
36487,0,5,690,100,48492,1,48233,1,0,0,0,0,0,0,0,0,0,0,-1,0,-1,0,1501,0,False,0,62,50,50,0,0,0,0,0,0,0,False,True,False,False,0,0,False,False,0,65535,720
36488,0,5,690,100,48493,1,48233,1,0,0,0,0,0,0,0,0,0,0,-1,0,-1,0,1501,0,False,0,70,62,100,0,0,0,0,0,0,0,False,True,False,False,0,0,False,False,7,153,720
36489,0,5,690,100,48498,1,48233,1,0,0,0,0,0,0,0,0,0,0,-1,0,-1,0,1501,0,True,0,62,50,50,0,0,0,0,0,0,0,False,True,False,False,0,0,False,False,0,65535,720
36490,0,5,690,100,48494,1,48498,2,0,0,0,0,0,0,0,0,0,0,-1,0,-1,0,1501,0,True,85,128,68,32,0,0,0,0,0,0,0,False,True,False,False,0,0,False,False,7,154,720
36491,0,5,690,100,48499,1,48233,1,0,0,0,0,0,0,0,0,0,0,-1,0,-1,0,1501,0,True,0,62,50,50,0,0,0,0,0,0,0,False,True,False,False,0,0,False,False,0,65535,720
36492,0,5,690,100,48495,1,48499,1,0,0,0,0,0,0,0,0,0,0,-1,0,-1,0,1501,0,False,30,70,89,100,0,0,0,0,0,0,0,False,True,False,False,0,0,False,False,7,155,720
36493,0,5,690,100,48500,1,48233,1,0,0,0,0,0,0,0,0,0,0,-1,0,-1,0,1501,0,True,0,62,50,50,0,0,0,0,0,0,0,False,True,False,False,0,0,False,False,0,65535,720
36494,0,5,690,100,48496,1,48500,3,0,0,0,0,0,0,0,0,0,0,-1,0,-1,0,1501,0,True,50,14,177,75,0,0,0,0,0,0,0,False,True,False,False,0,0,False,False,7,156,720
36495,0,5,690,100,48501,1,48233,1,0,0,0,0,0,0,0,0,0,0,-1,0,-1,0,1501,0,False,0,62,50,50,0,0,0,0,0,0,0,False,True,False,False,0,0,False,False,0,65535,720
36496,0,5,690,100,48497,1,48501,2,0,0,0,0,0,0,0,0,0,0,-1,0,-1,0,1501,0,False,50,77,125,100,0,0,0,0,0,0,0,False,True,False,False,0,0,False,False,7,157,720
36497,0,5,690,100,48502,1,48233,1,0,0,0,0,0,0,0,0,0,0,-1,0,-1,0,1501,0,True,0,70,76,100,0,0,0,0,0,0,0,False,True,False,False,0,0,False,False,0,65535,720
36498,0,5,690,100,48260,1,48233,1,0,0,0,0,0,0,0,0,0,0,-1,0,-1,0,1501,0,True,0,35,70,25,0,0,0,0,0,0,0,False,True,False,True,0,0,False,False,0,65535,720
36499,0,5,690,100,48503,1,48233,1,0,0,0,0,0,0,0,0,0,0,-1,0,-1,0,1501,0,False,0,11,108,100,0,0,0,0,0,0,0,False,True,False,False,0,0,False,False,7,158,720
36500,0,5,690,100,48504,1,48233,1,0,0,0,0,0,0,0,0,0,0,-1,0,-1,0,1501,0,True,0,53,81,75,0,0,0,0,0,0,0,False,True,False,False,0,0,False,False,7,159,720
36501,0,5,690,100,48505,1,48233,1,0,0,0,0,0,0,0,0,0,0,-1,0,-1,0,1501,0,True,0,53,78,57,0,0,0,0,0,0,0,False,True,False,True,0,0,False,False,0,65535,720
36502,0,5,690,100,48506,1,48233,1,0,0,0,0,0,0,0,0,0,0,-1,0,-1,0,1501,0,True,0,54,87,88,0,0,0,0,0,0,0,False,True,False,True,0,0,False,False,7,160,720
36503,0,5,690,100,48266,1,48233,1,0,0,0,0,0,0,0,0,0,0,-1,0,-1,0,1501,0,True,0,144,10,32,0,0,0,0,0,0,0,False,True,False,False,0,0,False,False,0,65535,720
36504,0,5,690,100,48507,1,48266,2,0,0,0,0,0,0,0,0,0,0,-1,0,-1,0,1501,0,False,90,211,70,100,0,0,0,0,0,0,0,False,True,False,False,0,0,False,False,0,65535,720
36505,0,5,690,100,48266,1,48233,1,0,0,0,0,0,0,0,0,0,0,-1,0,-1,0,1501,0,True,0,144,10,32,0,0,0,0,0,0,0,False,True,False,True,0,0,False,False,0,65535,720
36506,0,5,690,100,48508,1,48266,2,0,0,0,0,0,0,0,0,0,0,-1,0,-1,0,1501,0,False,45,70,139,100,0,0,0,0,0,0,0,False,True,False,True,0,0,False,False,0,65535,720
36507,0,5,701,0,48260,1,48233,1,0,0,0,0,0,0,0,0,0,0,-1,0,-1,0,1501,0,True,0,234,7,100,0,0,0,0,0,0,0,False,True,False,True,0,0,False,False,0,65535,720
36508,0,5,701,0,48509,1,48233,1,0,0,0,0,0,0,0,0,0,0,-1,0,-1,0,1501,0,True,0,85,140,100,0,0,0,0,0,0,0,False,True,False,False,0,0,False,False,7,161,720
36509,0,5,702,0,48510,1,48233,1,0,0,0,0,0,0,0,0,0,0,-1,0,-1,0,1501,0,False,0,99,203,100,0,0,0,0,0,0,0,False,True,False,False,0,0,False,True,7,298,720
36510,0,5,703,0,48511,1,48233,1,0,0,0,0,0,0,0,0,0,0,-1,0,-1,0,1501,0,True,0,4,210,75,0,0,0,0,0,0,0,False,True,False,True,0,0,False,True,7,162,720
36511,0,5,704,0,48512,1,48233,1,0,0,0,0,0,0,0,0,0,0,-1,0,-1,0,1501,0,True,0,75,150,88,0,0,0,0,0,0,0,False,True,False,False,0,0,False,True,7,163,720
36512,0,5,705,0,48513,1,48233,1,0,0,0,0,0,0,0,0,0,0,-1,0,-1,0,1501,0,True,0,75,150,88,0,0,0,0,0,0,0,False,True,False,False,0,0,False,True,7,164,720
36513,0,5,706,0,48514,1,48233,1,0,0,0,0,0,0,0,0,0,0,-1,0,-1,0,1501,0,True,0,75,150,88,0,0,0,0,0,0,0,False,True,False,False,0,0,False,True,7,165,720
36514,0,5,721,0,48515,1,48233,1,0,0,0,0,0,0,0,0,0,0,-1,0,-1,0,1501,0,False,0,78,149,82,0,0,0,0,0,0,0,False,True,False,False,0,0,False,False,7,166,720
36515,0,5,722,0,48516,1,48233,1,0,0,0,0,0,0,0,0,0,0,-1,0,-1,0,1501,0,True,0,90,230,100,0,0,0,0,0,0,0,False,True,False,True,0,0,False,True,7,167,720
36516,0,5,723,0,48517,1,48233,1,0,0,0,0,0,0,0,0,0,0,-1,0,-1,0,1501,0,False,0,87,220,88,0,0,0,0,0,0,0,False,True,False,True,0,0,False,True,7,168,720
36517,0,5,724,0,48518,1,48233,1,0,0,0,0,0,0,0,0,0,0,-1,0,-1,0,1501,0,False,0,100,120,69,0,0,0,0,0,0,0,False,True,False,False,0,0,False,True,7,169,720
36518,0,5,725,0,48519,1,48233,1,0,0,0,0,0,0,0,0,0,0,-1,0,-1,0,1501,0,False,0,100,120,69,0,0,0,0,0,0,0,False,True,False,False,0,0,False,True,7,170,720
36519,0,5,726,0,48520,1,48233,1,0,0,0,0,0,0,0,0,0,0,-1,0,-1,0,1501,0,False,0,100,120,69,0,0,0,0,0,0,0,False,True,False,False,0,0,False,True,7,171,720
36520,0,5,742,0,48267,1,48233,1,0,0,0,0,0,0,0,0,0,0,-1,0,-1,0,1501,0,True,0,47,149,25,14900,0,0,0,0,0,0,False,False,False,True,0,0,False,True,0,65535,720
36521,0,5,743,0,48521,1,48267,1,0,0,0,0,0,0,0,0,0,0,-1,0,-1,0,1501,0,False,0,95,240,75,0,0,0,0,0,0,0,False,True,False,True,0,0,False,True,0,65535,720
36522,0,5,742,0,48267,1,48233,1,0,0,0,0,0,0,0,0,0,0,-1,0,-1,0,1501,0,True,0,47,149,25,14900,0,0,0,0,0,0,False,False,False,False,0,0,False,True,0,65535,720
36523,0,5,744,0,48522,1,48267,1,0,0,0,0,0,0,0,0,0,0,-1,0,-1,0,1501,0,False,0,93,225,75,0,0,0,0,0,0,0,False,True,False,False,0,0,False,True,0,65535,720
36524,0,5,701,0,48523,1,48233,1,0,0,0,0,0,0,0,0,0,0,-1,0,-1,0,1501,0,False,0,66,123,50,0,0,0,0,0,0,0,False,True,False,False,0,0,False,False,7,172,720
36525,0,5,721,0,48524,1,48233,1,0,0,0,0,0,0,0,0,0,0,-1,0,-1,0,1501,0,True,0,75,154,94,0,0,0,0,0,0,0,False,True,False,False,0,0,False,False,7,173,720
36526,0,5,701,0,48525,1,48233,1,0,0,0,0,0,0,0,0,0,0,-1,0,-1,0,1501,0,True,0,25,113,25,0,0,0,0,0,0,0,False,True,False,True,0,0,False,False,0,65535,720
36527,0,5,721,0,48526,1,48233,1,0,0,0,0,0,0,0,0,0,0,-1,0,-1,0,1501,0,True,0,198,11,32,0,0,0,0,0,0,0,False,True,False,True,0,0,False,False,0,65535,720
36528,0,5,741,0,48527,1,48233,1,0,0,0,0,0,0,0,0,0,0,-1,0,-1,0,1501,0,False,0,96,174,100,0,0,0,0,0,0,0,False,True,False,True,0,0,False,False,0,65535,720
36529,0,5,721,0,48528,1,48233,1,0,0,0,0,0,0,0,0,0,0,-1,0,-1,0,1501,0,True,0,91,163,44,0,0,0,0,0,0,0,False,True,False,True,0,0,False,False,7,174,720
36530,0,5,741,0,48529,1,48233,1,0,0,0,0,0,0,0,0,0,0,-1,0,-1,0,1501,0,False,0,106,171,63,0,0,0,0,0,0,0,False,True,False,True,0,0,False,False,7,175,720
36531,0,5,701,0,48530,1,48233,1,0,0,0,0,0,0,0,0,0,0,-1,0,-1,0,1501,0,True,0,9,169,44,0,0,0,0,0,0,0,False,True,False,False,0,0,False,False,7,176,720
36532,0,5,721,0,48531,1,48233,1,0,0,0,0,0,0,0,0,0,0,-1,0,-1,0,1501,0,True,0,12,190,69,0,0,0,0,0,0,0,False,True,False,False,0,0,False,False,7,177,720
36533,0,5,741,0,48261,1,48233,1,0,0,0,0,0,0,0,0,0,0,-1,0,-1,0,1501,0,False,0,15,232,94,0,0,0,0,0,0,0,False,True,False,False,0,0,False,False,7,178,720
36534,0,5,746,0,48533,1,48233,1,0,0,0,0,0,0,0,0,0,0,-1,0,-1,0,1501,0,True,0,73,189,38,18900,0,0,0,0,0,0,False,False,False,True,0,0,False,True,0,65535,720
36535,0,5,746,0,48534,1,48533,1,0,0,0,0,0,0,0,0,0,0,-1,0,-1,0,1501,0,True,0,100,274,69,0,0,0,0,0,0,0,False,True,False,True,0,0,False,True,7,179,720
36536,0,0,0,0,0,0,0,0,0,0,0,0,0,0,0,0,0,0,0,0,0,0,0,0,False,0,0,0,0,0,0,0,0,0,0,0,False,False,False,False,0,0,False,False,0,0,0
36537,0,5,747,0,48535,1,48233,1,0,0,0,0,0,0,0,0,0,0,-1,0,-1,0,1501,0,True,0,65,180,44,18000,0,0,0,0,0,0,False,False,False,True,0,0,False,True,0,65535,720
36538,0,5,747,0,48536,1,48535,1,0,0,0,0,0,0,0,0,0,0,-1,0,-1,0,1501,0,True,0,95,268,75,0,0,0,0,0,0,0,False,True,False,True,0,0,False,True,7,180,720
36539,0,0,0,0,0,0,0,0,0,0,0,0,0,0,0,0,0,0,0,0,0,0,0,0,False,0,0,0,0,0,0,0,0,0,0,0,False,False,False,False,0,0,False,False,0,0,0
36540,0,5,748,0,48236,1,48233,1,0,0,0,0,0,0,0,0,0,0,-1,0,-1,0,1501,0,False,0,85,195,50,19500,0,0,0,0,0,0,False,False,False,True,0,0,False,True,0,65535,720
36541,0,0,0,0,0,0,0,0,0,0,0,0,0,0,0,0,0,0,0,0,0,0,0,0,False,0,0,0,0,0,0,0,0,0,0,0,False,False,False,False,0,0,False,False,0,0,0
36542,0,5,748,0,48532,1,48236,1,0,0,0,0,0,0,0,0,0,0,-1,0,-1,0,1501,0,False,0,114,298,88,29800,0,0,0,0,0,0,False,False,False,True,0,0,False,True,0,65535,720
36543,0,6,690,100,48268,1,48233,1,0,0,0,0,0,0,0,0,0,0,-1,0,-1,0,1502,0,False,0,61,48,50,0,0,0,0,0,0,0,False,True,False,False,0,0,False,False,0,65535,720
36544,0,6,690,100,48269,1,48233,1,0,0,0,0,0,0,0,0,0,0,-1,0,-1,0,1502,0,True,0,67,53,75,0,0,0,0,0,0,0,False,True,False,False,0,0,False,False,0,65535,720
36545,0,6,690,100,48537,1,48233,1,0,0,0,0,0,0,0,0,0,0,-1,0,-1,0,1502,0,True,0,67,59,100,0,0,0,0,0,0,0,False,True,False,False,0,0,False,False,0,65535,720
36546,0,6,690,100,48538,1,48233,1,0,0,0,0,0,0,0,0,0,0,-1,0,-1,0,1502,0,False,0,61,48,50,0,0,0,0,0,0,0,False,True,False,False,0,0,False,False,0,65535,720
36547,0,6,690,100,48539,1,48233,1,0,0,0,0,0,0,0,0,0,0,-1,0,-1,0,1502,0,True,0,67,53,75,0,0,0,0,0,0,0,False,True,False,False,0,0,False,False,0,65535,720
36548,0,6,690,100,48270,1,48233,1,0,0,0,0,0,0,0,0,0,0,-1,0,-1,0,1502,0,True,0,182,5,100,0,0,0,0,0,0,0,False,True,False,False,0,0,False,False,0,65535,720
36549,0,6,690,100,48268,1,48233,1,0,0,0,0,0,0,0,0,0,0,-1,0,-1,0,1502,0,False,0,192,5,100,0,0,0,0,0,0,0,False,True,False,False,0,0,False,False,0,65535,720
36550,0,6,690,100,48540,1,48233,1,0,0,0,0,0,0,0,0,0,0,-1,0,-1,0,1502,0,False,0,62,50,50,0,0,0,0,0,0,0,False,True,False,False,0,0,False,False,0,65535,720
36551,0,6,690,100,48541,1,48233,1,0,0,0,0,0,0,0,0,0,0,-1,0,-1,0,1502,0,False,0,70,62,100,0,0,0,0,0,0,0,False,True,False,False,0,0,False,False,7,183,720
36552,0,6,690,100,48546,1,48233,1,0,0,0,0,0,0,0,0,0,0,-1,0,-1,0,1502,0,True,0,62,50,50,0,0,0,0,0,0,0,False,True,False,False,0,0,False,False,0,65535,720
36553,0,6,690,100,48542,1,48546,2,0,0,0,0,0,0,0,0,0,0,-1,0,-1,0,1502,0,False,85,128,68,32,0,0,0,0,0,0,0,False,True,False,False,0,0,False,False,7,184,720
36554,0,6,690,100,48547,1,48233,1,0,0,0,0,0,0,0,0,0,0,-1,0,-1,0,1502,0,True,0,62,50,50,0,0,0,0,0,0,0,False,True,False,False,0,0,False,False,0,65535,720
36555,0,6,690,100,48543,1,48547,1,0,0,0,0,0,0,0,0,0,0,-1,0,-1,0,1502,0,True,30,70,89,100,0,0,0,0,0,0,0,False,True,False,False,0,0,False,False,7,185,720
36556,0,6,690,100,48548,1,48233,1,0,0,0,0,0,0,0,0,0,0,-1,0,-1,0,1502,0,True,0,62,50,50,0,0,0,0,0,0,0,False,True,False,False,0,0,False,False,0,65535,720
36557,0,6,690,100,48544,1,48548,3,0,0,0,0,0,0,0,0,0,0,-1,0,-1,0,1502,0,False,50,14,177,75,0,0,0,0,0,0,0,False,True,False,False,0,0,False,False,7,186,720
36558,0,6,690,100,48549,1,48233,1,0,0,0,0,0,0,0,0,0,0,-1,0,-1,0,1502,0,False,0,62,50,50,0,0,0,0,0,0,0,False,True,False,False,0,0,False,False,0,65535,720
36559,0,6,690,100,48545,1,48549,2,0,0,0,0,0,0,0,0,0,0,-1,0,-1,0,1502,0,False,50,77,125,100,0,0,0,0,0,0,0,False,True,False,False,0,0,False,False,7,187,720
36560,0,6,690,100,48550,1,48233,1,0,0,0,0,0,0,0,0,0,0,-1,0,-1,0,1502,0,False,0,70,76,100,0,0,0,0,0,0,0,False,True,False,False,0,0,False,False,0,65535,720
36561,0,6,690,100,48268,1,48233,1,0,0,0,0,0,0,0,0,0,0,-1,0,-1,0,1502,0,False,0,35,70,25,0,0,0,0,0,0,0,False,True,False,True,0,0,False,False,0,65535,720
36562,0,6,690,100,48551,1,48233,1,0,0,0,0,0,0,0,0,0,0,-1,0,-1,0,1502,0,True,0,11,108,100,0,0,0,0,0,0,0,False,True,False,False,0,0,False,False,7,188,720
36563,0,6,690,100,48552,1,48233,1,0,0,0,0,0,0,0,0,0,0,-1,0,-1,0,1502,0,False,0,53,81,75,0,0,0,0,0,0,0,False,True,False,False,0,0,False,False,7,189,720
36564,0,6,690,100,48553,1,48233,1,0,0,0,0,0,0,0,0,0,0,-1,0,-1,0,1502,0,False,0,53,78,57,0,0,0,0,0,0,0,False,True,False,True,0,0,False,False,0,65535,720
36565,0,6,690,100,48554,1,48233,1,0,0,0,0,0,0,0,0,0,0,-1,0,-1,0,1502,0,False,0,54,87,88,0,0,0,0,0,0,0,False,True,False,True,0,0,False,False,7,190,720
36566,0,6,690,100,48557,1,48233,1,0,0,0,0,0,0,0,0,0,0,-1,0,-1,0,1502,0,True,0,144,10,32,0,0,0,0,0,0,0,False,True,False,False,0,0,False,False,0,65535,720
36567,0,6,690,100,48555,1,48557,2,0,0,0,0,0,0,0,0,0,0,-1,0,-1,0,1502,0,False,90,211,70,100,0,0,0,0,0,0,0,False,True,False,False,0,0,False,False,0,65535,720
36568,0,6,690,100,48558,1,48233,1,0,0,0,0,0,0,0,0,0,0,-1,0,-1,0,1502,0,True,0,144,10,32,0,0,0,0,0,0,0,False,True,False,True,0,0,False,False,0,65535,720
36569,0,6,690,100,48556,1,48558,2,0,0,0,0,0,0,0,0,0,0,-1,0,-1,0,1502,0,False,45,70,139,100,0,0,0,0,0,0,0,False,True,False,True,0,0,False,False,0,65535,720
36570,0,6,701,0,48268,1,48233,1,0,0,0,0,0,0,0,0,0,0,-1,0,-1,0,1502,0,False,0,234,7,100,0,0,0,0,0,0,0,False,True,False,True,0,0,False,False,0,65535,720
36571,0,6,701,0,48559,1,48233,1,0,0,0,0,0,0,0,0,0,0,-1,0,-1,0,1502,0,True,0,85,140,100,0,0,0,0,0,0,0,False,True,False,False,0,0,False,False,7,191,720
36572,0,6,702,0,48560,1,48233,1,0,0,0,0,0,0,0,0,0,0,-1,0,-1,0,1502,0,False,0,99,203,100,0,0,0,0,0,0,0,False,True,False,False,0,0,False,True,7,299,720
36573,0,6,703,0,48561,1,48233,1,0,0,0,0,0,0,0,0,0,0,-1,0,-1,0,1502,0,False,0,4,210,75,0,0,0,0,0,0,0,False,True,False,True,0,0,False,True,7,192,720
36574,0,6,704,0,48562,1,48233,1,0,0,0,0,0,0,0,0,0,0,-1,0,-1,0,1502,0,True,0,75,150,88,0,0,0,0,0,0,0,False,True,False,False,0,0,False,True,7,193,720
36575,0,6,705,0,48563,1,48233,1,0,0,0,0,0,0,0,0,0,0,-1,0,-1,0,1502,0,True,0,75,150,88,0,0,0,0,0,0,0,False,True,False,False,0,0,False,True,7,194,720
36576,0,6,706,0,48564,1,48233,1,0,0,0,0,0,0,0,0,0,0,-1,0,-1,0,1502,0,False,0,75,150,88,0,0,0,0,0,0,0,False,True,False,False,0,0,False,True,7,195,720
36577,0,6,721,0,48565,1,48233,1,0,0,0,0,0,0,0,0,0,0,-1,0,-1,0,1502,0,False,0,78,149,82,0,0,0,0,0,0,0,False,True,False,False,0,0,False,False,7,196,720
36578,0,6,722,0,48566,1,48233,1,0,0,0,0,0,0,0,0,0,0,-1,0,-1,0,1502,0,True,0,90,230,100,0,0,0,0,0,0,0,False,True,False,True,0,0,False,True,7,197,720
36579,0,6,723,0,48567,1,48233,1,0,0,0,0,0,0,0,0,0,0,-1,0,-1,0,1502,0,False,0,87,220,88,0,0,0,0,0,0,0,False,True,False,True,0,0,False,True,7,198,720
36580,0,6,724,0,48568,1,48233,1,0,0,0,0,0,0,0,0,0,0,-1,0,-1,0,1502,0,False,0,100,120,69,0,0,0,0,0,0,0,False,True,False,False,0,0,False,True,7,199,720
36581,0,6,725,0,48569,1,48233,1,0,0,0,0,0,0,0,0,0,0,-1,0,-1,0,1502,0,False,0,100,120,69,0,0,0,0,0,0,0,False,True,False,False,0,0,False,True,7,200,720
36582,0,6,726,0,48570,1,48233,1,0,0,0,0,0,0,0,0,0,0,-1,0,-1,0,1502,0,False,0,100,120,69,0,0,0,0,0,0,0,False,True,False,False,0,0,False,True,7,201,720
36583,0,6,742,0,48274,1,48233,1,0,0,0,0,0,0,0,0,0,0,-1,0,-1,0,1502,0,True,0,47,149,25,14900,0,0,0,0,0,0,False,False,False,True,0,0,False,True,0,65535,720
36584,0,6,743,0,48571,1,48274,1,0,0,0,0,0,0,0,0,0,0,-1,0,-1,0,1502,0,True,0,95,240,75,0,0,0,0,0,0,0,False,True,False,True,0,0,False,True,0,65535,720
36585,0,6,742,0,48274,1,48233,1,0,0,0,0,0,0,0,0,0,0,-1,0,-1,0,1502,0,True,0,47,149,25,14900,0,0,0,0,0,0,False,False,False,False,0,0,False,True,0,65535,720
36586,0,6,744,0,48572,1,48274,1,0,0,0,0,0,0,0,0,0,0,-1,0,-1,0,1502,0,True,0,93,225,75,0,0,0,0,0,0,0,False,True,False,False,0,0,False,True,0,65535,720
36587,0,6,701,0,48573,1,48233,1,0,0,0,0,0,0,0,0,0,0,-1,0,-1,0,1502,0,False,0,66,123,50,0,0,0,0,0,0,0,False,True,False,False,0,0,False,False,7,202,720
36588,0,6,721,0,48574,1,48233,1,0,0,0,0,0,0,0,0,0,0,-1,0,-1,0,1502,0,True,0,75,154,94,0,0,0,0,0,0,0,False,True,False,False,0,0,False,False,7,203,720
36589,0,6,701,0,48575,1,48233,1,0,0,0,0,0,0,0,0,0,0,-1,0,-1,0,1502,0,True,0,25,113,25,0,0,0,0,0,0,0,False,True,False,True,0,0,False,False,0,65535,720
36590,0,6,721,0,48576,1,48233,1,0,0,0,0,0,0,0,0,0,0,-1,0,-1,0,1502,0,True,0,198,11,32,0,0,0,0,0,0,0,False,True,False,True,0,0,False,False,0,65535,720
36591,0,6,741,0,48577,1,48233,1,0,0,0,0,0,0,0,0,0,0,-1,0,-1,0,1502,0,False,0,96,174,100,0,0,0,0,0,0,0,False,True,False,True,0,0,False,False,0,65535,720
36592,0,6,721,0,48271,1,48233,1,0,0,0,0,0,0,0,0,0,0,-1,0,-1,0,1502,0,True,0,91,163,44,0,0,0,0,0,0,0,False,True,False,True,0,0,False,False,7,204,720
36593,0,6,741,0,48272,1,48233,1,0,0,0,0,0,0,0,0,0,0,-1,0,-1,0,1502,0,False,0,106,171,63,0,0,0,0,0,0,0,False,True,False,True,0,0,False,False,7,205,720
36594,0,6,701,0,48578,1,48233,1,0,0,0,0,0,0,0,0,0,0,-1,0,-1,0,1502,0,True,0,9,169,44,0,0,0,0,0,0,0,False,True,False,False,0,0,False,False,7,206,720
36595,0,6,721,0,48579,1,48233,1,0,0,0,0,0,0,0,0,0,0,-1,0,-1,0,1502,0,True,0,12,190,69,0,0,0,0,0,0,0,False,True,False,False,0,0,False,False,7,207,720
36596,0,6,741,0,48580,1,48233,1,0,0,0,0,0,0,0,0,0,0,-1,0,-1,0,1502,0,False,0,15,232,94,0,0,0,0,0,0,0,False,True,False,False,0,0,False,False,7,208,720
36597,0,6,746,0,48582,1,48233,1,0,0,0,0,0,0,0,0,0,0,-1,0,-1,0,1502,0,True,0,73,189,38,18900,0,0,0,0,0,0,False,False,False,True,0,0,False,True,0,65535,720
36598,0,6,746,0,48583,1,48582,1,0,0,0,0,0,0,0,0,0,0,-1,0,-1,0,1502,0,True,0,100,274,69,0,0,0,0,0,0,0,False,True,False,True,0,0,False,True,7,209,720
36599,0,0,0,0,0,0,0,0,0,0,0,0,0,0,0,0,0,0,0,0,0,0,0,0,False,0,0,0,0,0,0,0,0,0,0,0,False,False,False,False,0,0,False,False,0,0,0
36600,0,6,747,0,48584,1,48233,1,0,0,0,0,0,0,0,0,0,0,-1,0,-1,0,1502,0,True,0,65,180,44,18000,0,0,0,0,0,0,False,False,False,True,0,0,False,True,0,65535,720
36601,0,6,747,0,48585,1,48584,1,0,0,0,0,0,0,0,0,0,0,-1,0,-1,0,1502,0,True,0,95,268,75,0,0,0,0,0,0,0,False,True,False,True,0,0,False,True,7,210,720
36602,0,0,0,0,0,0,0,0,0,0,0,0,0,0,0,0,0,0,0,0,0,0,0,0,False,0,0,0,0,0,0,0,0,0,0,0,False,False,False,False,0,0,False,False,0,0,0
36603,0,6,748,0,48236,1,48233,1,0,0,0,0,0,0,0,0,0,0,-1,0,-1,0,1502,0,False,0,85,195,50,19500,0,0,0,0,0,0,False,False,False,True,0,0,False,True,0,65535,720
36604,0,0,0,0,0,0,0,0,0,0,0,0,0,0,0,0,0,0,0,0,0,0,0,0,False,0,0,0,0,0,0,0,0,0,0,0,False,False,False,False,0,0,False,False,0,0,0
36605,0,6,748,0,48581,1,48236,1,0,0,0,0,0,0,0,0,0,0,-1,0,-1,0,1502,0,False,0,114,298,88,29800,0,0,0,0,0,0,False,False,False,True,0,0,False,True,0,65535,720
36606,0,7,690,100,48273,1,48233,1,0,0,0,0,0,0,0,0,0,0,-1,0,-1,0,1503,0,False,0,61,48,50,0,0,0,0,0,0,0,False,True,False,False,0,0,False,False,0,65535,720
36607,0,7,690,100,48269,1,48233,1,0,0,0,0,0,0,0,0,0,0,-1,0,-1,0,1503,0,True,0,67,53,75,0,0,0,0,0,0,0,False,True,False,False,0,0,False,False,0,65535,720
36608,0,7,690,100,48586,1,48233,1,0,0,0,0,0,0,0,0,0,0,-1,0,-1,0,1503,0,False,0,67,59,100,0,0,0,0,0,0,0,False,True,False,False,0,0,False,False,0,65535,720
36609,0,7,690,100,48587,1,48233,1,0,0,0,0,0,0,0,0,0,0,-1,0,-1,0,1503,0,False,0,61,48,50,0,0,0,0,0,0,0,False,True,False,False,0,0,False,False,0,65535,720
36610,0,7,690,100,48588,1,48233,1,0,0,0,0,0,0,0,0,0,0,-1,0,-1,0,1503,0,False,0,67,53,75,0,0,0,0,0,0,0,False,True,False,False,0,0,False,False,0,65535,720
36611,0,7,690,100,48270,1,48233,1,0,0,0,0,0,0,0,0,0,0,-1,0,-1,0,1503,0,True,0,182,5,100,0,0,0,0,0,0,0,False,True,False,False,0,0,False,False,0,65535,720
36612,0,7,690,100,48273,1,48233,1,0,0,0,0,0,0,0,0,0,0,-1,0,-1,0,1503,0,False,0,192,5,100,0,0,0,0,0,0,0,False,True,False,False,0,0,False,False,0,65535,720
36613,0,7,690,100,48589,1,48233,1,0,0,0,0,0,0,0,0,0,0,-1,0,-1,0,1503,0,True,0,62,50,50,0,0,0,0,0,0,0,False,True,False,False,0,0,False,False,0,65535,720
36614,0,7,690,100,48590,1,48233,1,0,0,0,0,0,0,0,0,0,0,-1,0,-1,0,1503,0,False,0,70,62,100,0,0,0,0,0,0,0,False,True,False,False,0,0,False,False,7,213,720
36615,0,7,690,100,48595,1,48233,1,0,0,0,0,0,0,0,0,0,0,-1,0,-1,0,1503,0,True,0,62,50,50,0,0,0,0,0,0,0,False,True,False,False,0,0,False,False,0,65535,720
36616,0,7,690,100,48591,1,48595,2,0,0,0,0,0,0,0,0,0,0,-1,0,-1,0,1503,0,True,85,128,68,32,0,0,0,0,0,0,0,False,True,False,False,0,0,False,False,7,214,720
36617,0,7,690,100,48596,1,48233,1,0,0,0,0,0,0,0,0,0,0,-1,0,-1,0,1503,0,True,0,62,50,50,0,0,0,0,0,0,0,False,True,False,False,0,0,False,False,0,65535,720
36618,0,7,690,100,48592,1,48596,1,0,0,0,0,0,0,0,0,0,0,-1,0,-1,0,1503,0,True,30,70,89,100,0,0,0,0,0,0,0,False,True,False,False,0,0,False,False,7,215,720
36619,0,7,690,100,48597,1,48233,1,0,0,0,0,0,0,0,0,0,0,-1,0,-1,0,1503,0,False,0,62,50,50,0,0,0,0,0,0,0,False,True,False,False,0,0,False,False,0,65535,720
36620,0,7,690,100,48593,1,48597,3,0,0,0,0,0,0,0,0,0,0,-1,0,-1,0,1503,0,False,50,14,177,75,0,0,0,0,0,0,0,False,True,False,False,0,0,False,False,7,216,720
36621,0,7,690,100,48598,1,48233,1,0,0,0,0,0,0,0,0,0,0,-1,0,-1,0,1503,0,True,0,62,50,50,0,0,0,0,0,0,0,False,True,False,False,0,0,False,False,0,65535,720
36622,0,7,690,100,48594,1,48598,2,0,0,0,0,0,0,0,0,0,0,-1,0,-1,0,1503,0,False,50,77,125,100,0,0,0,0,0,0,0,False,True,False,False,0,0,False,False,7,217,720
36623,0,7,690,100,48599,1,48233,1,0,0,0,0,0,0,0,0,0,0,-1,0,-1,0,1503,0,False,0,70,76,100,0,0,0,0,0,0,0,False,True,False,False,0,0,False,False,0,65535,720
36624,0,7,690,100,48273,1,48233,1,0,0,0,0,0,0,0,0,0,0,-1,0,-1,0,1503,0,False,0,35,70,25,0,0,0,0,0,0,0,False,True,False,True,0,0,False,False,0,65535,720
36625,0,7,690,100,48600,1,48233,1,0,0,0,0,0,0,0,0,0,0,-1,0,-1,0,1503,0,True,0,11,108,100,0,0,0,0,0,0,0,False,True,False,False,0,0,False,False,7,218,720
36626,0,7,690,100,48601,1,48233,1,0,0,0,0,0,0,0,0,0,0,-1,0,-1,0,1503,0,False,0,53,81,75,0,0,0,0,0,0,0,False,True,False,False,0,0,False,False,7,219,720
36627,0,7,690,100,48602,1,48233,1,0,0,0,0,0,0,0,0,0,0,-1,0,-1,0,1503,0,False,0,53,78,57,0,0,0,0,0,0,0,False,True,False,True,0,0,False,False,0,65535,720
36628,0,7,690,100,48603,1,48233,1,0,0,0,0,0,0,0,0,0,0,-1,0,-1,0,1503,0,False,0,54,87,88,0,0,0,0,0,0,0,False,True,False,True,0,0,False,False,7,220,720
36629,0,7,690,100,48606,1,48233,1,0,0,0,0,0,0,0,0,0,0,-1,0,-1,0,1503,0,True,0,144,10,32,0,0,0,0,0,0,0,False,True,False,False,0,0,False,False,0,65535,720
36630,0,7,690,100,48604,1,48606,2,0,0,0,0,0,0,0,0,0,0,-1,0,-1,0,1503,0,False,90,211,70,100,0,0,0,0,0,0,0,False,True,False,False,0,0,False,False,0,65535,720
36631,0,7,690,100,48607,1,48233,1,0,0,0,0,0,0,0,0,0,0,-1,0,-1,0,1503,0,True,0,144,10,32,0,0,0,0,0,0,0,False,True,False,True,0,0,False,False,0,65535,720
36632,0,7,690,100,48605,1,48607,2,0,0,0,0,0,0,0,0,0,0,-1,0,-1,0,1503,0,True,45,70,139,100,0,0,0,0,0,0,0,False,True,False,True,0,0,False,False,0,65535,720
36633,0,7,701,0,48273,1,48233,1,0,0,0,0,0,0,0,0,0,0,-1,0,-1,0,1503,0,False,0,234,7,100,0,0,0,0,0,0,0,False,True,False,True,0,0,False,False,0,65535,720
36634,0,7,701,0,48608,1,48233,1,0,0,0,0,0,0,0,0,0,0,-1,0,-1,0,1503,0,True,0,85,140,100,0,0,0,0,0,0,0,False,True,False,False,0,0,False,False,7,221,720
36635,0,7,702,0,48609,1,48233,1,0,0,0,0,0,0,0,0,0,0,-1,0,-1,0,1503,0,True,0,99,203,100,0,0,0,0,0,0,0,False,True,False,False,0,0,False,True,7,300,720
36636,0,7,703,0,48610,1,48233,1,0,0,0,0,0,0,0,0,0,0,-1,0,-1,0,1503,0,False,0,4,210,75,0,0,0,0,0,0,0,False,True,False,True,0,0,False,True,7,222,720
36637,0,7,704,0,48611,1,48233,1,0,0,0,0,0,0,0,0,0,0,-1,0,-1,0,1503,0,True,0,75,150,88,0,0,0,0,0,0,0,False,True,False,False,0,0,False,True,7,223,720
36638,0,7,705,0,48612,1,48233,1,0,0,0,0,0,0,0,0,0,0,-1,0,-1,0,1503,0,True,0,75,150,88,0,0,0,0,0,0,0,False,True,False,False,0,0,False,True,7,224,720
36639,0,7,706,0,48613,1,48233,1,0,0,0,0,0,0,0,0,0,0,-1,0,-1,0,1503,0,True,0,75,150,88,0,0,0,0,0,0,0,False,True,False,False,0,0,False,True,7,225,720
36640,0,7,721,0,48614,1,48233,1,0,0,0,0,0,0,0,0,0,0,-1,0,-1,0,1503,0,False,0,78,149,82,0,0,0,0,0,0,0,False,True,False,False,0,0,False,False,7,226,720
36641,0,7,722,0,48615,1,48233,1,0,0,0,0,0,0,0,0,0,0,-1,0,-1,0,1503,0,False,0,90,230,100,0,0,0,0,0,0,0,False,True,False,True,0,0,False,True,7,227,720
36642,0,7,723,0,48616,1,48233,1,0,0,0,0,0,0,0,0,0,0,-1,0,-1,0,1503,0,False,0,87,220,88,0,0,0,0,0,0,0,False,True,False,True,0,0,False,True,7,228,720
36643,0,7,724,0,48617,1,48233,1,0,0,0,0,0,0,0,0,0,0,-1,0,-1,0,1503,0,True,0,100,120,69,0,0,0,0,0,0,0,False,True,False,False,0,0,False,True,7,229,720
36644,0,7,725,0,48618,1,48233,1,0,0,0,0,0,0,0,0,0,0,-1,0,-1,0,1503,0,True,0,100,120,69,0,0,0,0,0,0,0,False,True,False,False,0,0,False,True,7,230,720
36645,0,7,726,0,48619,1,48233,1,0,0,0,0,0,0,0,0,0,0,-1,0,-1,0,1503,0,True,0,100,120,69,0,0,0,0,0,0,0,False,True,False,False,0,0,False,True,7,231,720
36646,0,7,742,0,48275,1,48233,1,0,0,0,0,0,0,0,0,0,0,-1,0,-1,0,1503,0,True,0,47,149,25,14900,0,0,0,0,0,0,False,False,False,True,0,0,False,True,0,65535,720
36647,0,7,743,0,48620,1,48275,1,0,0,0,0,0,0,0,0,0,0,-1,0,-1,0,1503,0,False,0,95,240,75,0,0,0,0,0,0,0,False,True,False,True,0,0,False,True,0,65535,720
36648,0,7,742,0,48275,1,48233,1,0,0,0,0,0,0,0,0,0,0,-1,0,-1,0,1503,0,True,0,47,149,25,14900,0,0,0,0,0,0,False,False,False,False,0,0,False,True,0,65535,720
36649,0,7,744,0,48621,1,48275,1,0,0,0,0,0,0,0,0,0,0,-1,0,-1,0,1503,0,False,0,93,225,75,0,0,0,0,0,0,0,False,True,False,False,0,0,False,True,0,65535,720
36650,0,7,701,0,48622,1,48233,1,0,0,0,0,0,0,0,0,0,0,-1,0,-1,0,1503,0,False,0,66,123,50,0,0,0,0,0,0,0,False,True,False,False,0,0,False,False,7,232,720
36651,0,7,721,0,48623,1,48233,1,0,0,0,0,0,0,0,0,0,0,-1,0,-1,0,1503,0,False,0,75,154,94,0,0,0,0,0,0,0,False,True,False,False,0,0,False,False,7,233,720
36652,0,7,701,0,48624,1,48233,1,0,0,0,0,0,0,0,0,0,0,-1,0,-1,0,1503,0,True,0,25,113,25,0,0,0,0,0,0,0,False,True,False,True,0,0,False,False,0,65535,720
36653,0,7,721,0,48625,1,48233,1,0,0,0,0,0,0,0,0,0,0,-1,0,-1,0,1503,0,True,0,198,11,32,0,0,0,0,0,0,0,False,True,False,True,0,0,False,False,0,65535,720
36654,0,7,741,0,48626,1,48233,1,0,0,0,0,0,0,0,0,0,0,-1,0,-1,0,1503,0,True,0,96,174,100,0,0,0,0,0,0,0,False,True,False,True,0,0,False,False,0,65535,720
36655,0,7,721,0,48271,1,48233,1,0,0,0,0,0,0,0,0,0,0,-1,0,-1,0,1503,0,True,0,91,163,44,0,0,0,0,0,0,0,False,True,False,True,0,0,False,False,7,234,720
36656,0,7,741,0,48272,1,48233,1,0,0,0,0,0,0,0,0,0,0,-1,0,-1,0,1503,0,False,0,106,171,63,0,0,0,0,0,0,0,False,True,False,True,0,0,False,False,7,235,720
36657,0,7,701,0,48627,1,48233,1,0,0,0,0,0,0,0,0,0,0,-1,0,-1,0,1503,0,True,0,9,169,44,0,0,0,0,0,0,0,False,True,False,False,0,0,False,False,7,236,720
36658,0,7,721,0,48628,1,48233,1,0,0,0,0,0,0,0,0,0,0,-1,0,-1,0,1503,0,True,0,12,190,69,0,0,0,0,0,0,0,False,True,False,False,0,0,False,False,7,237,720
36659,0,7,741,0,48629,1,48233,1,0,0,0,0,0,0,0,0,0,0,-1,0,-1,0,1503,0,True,0,15,232,94,0,0,0,0,0,0,0,False,True,False,False,0,0,False,False,7,238,720
36660,0,7,746,0,48631,1,48233,1,0,0,0,0,0,0,0,0,0,0,-1,0,-1,0,1503,0,True,0,73,189,38,18900,0,0,0,0,0,0,False,False,False,True,0,0,False,True,0,65535,720
36661,0,7,746,0,48632,1,48631,1,0,0,0,0,0,0,0,0,0,0,-1,0,-1,0,1503,0,False,0,100,274,69,0,0,0,0,0,0,0,False,True,False,True,0,0,False,True,7,239,720
36662,0,0,0,0,0,0,0,0,0,0,0,0,0,0,0,0,0,0,0,0,0,0,0,0,False,0,0,0,0,0,0,0,0,0,0,0,False,False,False,False,0,0,False,False,0,0,0
36663,0,7,747,0,48633,1,48233,1,0,0,0,0,0,0,0,0,0,0,-1,0,-1,0,1503,0,True,0,65,180,44,18000,0,0,0,0,0,0,False,False,False,True,0,0,False,True,0,65535,720
36664,0,7,747,0,48634,1,48633,1,0,0,0,0,0,0,0,0,0,0,-1,0,-1,0,1503,0,True,0,95,268,75,0,0,0,0,0,0,0,False,True,False,True,0,0,False,True,7,240,720
36665,0,0,0,0,0,0,0,0,0,0,0,0,0,0,0,0,0,0,0,0,0,0,0,0,False,0,0,0,0,0,0,0,0,0,0,0,False,False,False,False,0,0,False,False,0,0,0
36666,0,7,748,0,48236,1,48233,1,0,0,0,0,0,0,0,0,0,0,-1,0,-1,0,1503,0,False,0,85,195,50,19500,0,0,0,0,0,0,False,False,False,True,0,0,False,True,0,65535,720
36667,0,0,0,0,0,0,0,0,0,0,0,0,0,0,0,0,0,0,0,0,0,0,0,0,False,0,0,0,0,0,0,0,0,0,0,0,False,False,False,False,0,0,False,False,0,0,0
36668,0,7,748,0,48630,1,48236,1,0,0,0,0,0,0,0,0,0,0,-1,0,-1,0,1503,0,False,0,114,298,88,29800,0,0,0,0,0,0,False,False,False,True,0,0,False,True,0,65535,720
36669,0,0,721,0,46858,1,48648,9,48233,1,0,0,0,0,0,0,0,0,-1,0,-1,0,1496,0,True,0,75,154,94,0,0,0,0,0,0,0,False,True,False,False,0,0,False,False,0,65535,720
36670,0,0,741,0,46859,1,48691,9,48233,1,0,0,0,0,0,0,0,0,-1,0,-1,0,1496,0,False,0,96,174,100,0,0,0,0,0,0,0,False,True,False,False,0,0,False,False,0,65535,720
36671,0,1,741,0,46972,1,48635,9,48233,1,0,0,0,0,0,0,0,0,-1,0,-1,0,1497,0,False,0,96,174,100,0,0,0,0,0,0,0,False,True,False,False,0,0,False,False,0,65535,720
36672,0,1,721,0,46973,1,45917,7,48233,1,0,0,0,0,0,0,0,0,-1,0,-1,0,1497,0,False,0,71,118,63,0,0,0,0,0,0,0,False,True,False,False,0,0,False,False,0,65535,720
36673,0,2,721,0,47096,1,48641,9,48233,1,0,0,0,0,0,0,0,0,-1,0,-1,0,1498,0,False,0,75,154,94,0,0,0,0,0,0,0,False,True,False,False,0,0,False,False,0,65535,720
36674,0,2,741,0,47097,1,48697,9,48233,1,0,0,0,0,0,0,0,0,-1,0,-1,0,1498,0,False,0,96,174,100,0,0,0,0,0,0,0,False,True,False,False,0,0,False,False,0,65535,720
36675,0,3,721,0,47220,1,48655,9,48233,1,0,0,0,0,0,0,0,0,-1,0,-1,0,1499,0,False,0,75,154,94,0,0,0,0,0,0,0,False,True,False,False,0,0,False,False,0,65535,720
36676,0,3,741,0,47221,1,45928,7,48233,1,0,0,0,0,0,0,0,0,-1,0,-1,0,1499,0,True,0,78,125,75,0,0,0,0,0,0,0,False,True,False,False,0,0,False,False,0,65535,720
36677,0,4,741,0,47344,1,48653,9,48233,1,0,0,0,0,0,0,0,0,-1,0,-1,0,1500,0,False,0,96,174,100,0,0,0,0,0,0,0,False,True,False,False,0,0,False,False,0,65535,720
36678,0,4,721,0,47345,1,48675,9,48233,1,0,0,0,0,0,0,0,0,-1,0,-1,0,1500,0,False,0,75,154,94,0,0,0,0,0,0,0,False,True,False,False,0,0,False,False,0,65535,720
36679,0,5,741,0,47468,1,48725,9,48233,1,0,0,0,0,0,0,0,0,-1,0,-1,0,1501,0,False,0,96,174,100,0,0,0,0,0,0,0,False,True,False,False,0,0,False,False,0,65535,720
36680,0,5,721,0,47469,1,48706,9,48233,1,0,0,0,0,0,0,0,0,-1,0,-1,0,1501,0,True,0,75,154,94,0,0,0,0,0,0,0,False,True,False,False,0,0,False,False,0,65535,720
36681,0,6,741,0,47592,1,48683,9,48233,1,0,0,0,0,0,0,0,0,-1,0,-1,0,1502,0,False,0,96,174,100,0,0,0,0,0,0,0,False,True,False,False,0,0,False,False,0,65535,720
36682,0,6,721,0,47593,1,45922,1,48233,1,0,0,0,0,0,0,0,0,-1,0,-1,0,1502,0,True,0,71,118,63,0,0,0,0,0,0,0,False,True,False,False,0,0,False,False,0,65535,720
36683,0,7,721,0,47716,1,48684,9,48233,1,0,0,0,0,0,0,0,0,-1,0,-1,0,1503,0,False,0,75,154,94,0,0,0,0,0,0,0,False,True,False,False,0,0,False,False,0,65535,720
36684,0,7,741,0,47717,1,45934,1,48233,1,0,0,0,0,0,0,0,0,-1,0,-1,0,1503,0,False,0,78,125,75,0,0,0,0,0,0,0,False,True,False,False,0,0,False,False,0,65535,720
36685,0,0,690,100,46849,1,48233,1,0,0,0,0,0,0,0,0,0,0,-1,0,-1,0,1496,0,True,0,61,48,50,0,0,0,0,0,0,0,False,True,False,False,0,0,False,False,0,65535,720
36686,0,0,690,100,46851,1,48233,1,0,0,0,0,0,0,0,0,0,0,-1,0,-1,0,1496,0,False,0,67,53,75,0,0,0,0,0,0,0,False,True,False,False,0,0,False,False,0,65535,720
36687,0,0,690,100,46853,1,48233,1,0,0,0,0,0,0,0,0,0,0,-1,0,-1,0,1496,0,False,0,67,59,100,0,0,0,0,0,0,0,False,True,False,False,0,0,False,False,0,65535,720
36688,0,0,0,0,0,0,0,0,0,0,0,0,0,0,0,0,0,0,0,0,0,0,0,0,False,0,0,0,0,0,0,0,0,0,0,0,False,False,False,False,0,0,False,False,0,0,0
36689,0,0,0,0,0,0,0,0,0,0,0,0,0,0,0,0,0,0,0,0,0,0,0,0,False,0,0,0,0,0,0,0,0,0,0,0,False,False,False,False,0,0,False,False,0,0,0
36690,0,1,690,100,46975,1,48233,1,0,0,0,0,0,0,0,0,0,0,-1,0,-1,0,1497,0,False,0,61,48,50,0,0,0,0,0,0,0,False,True,False,False,0,0,False,False,0,65535,720
36691,0,1,690,100,46977,1,48233,1,0,0,0,0,0,0,0,0,0,0,-1,0,-1,0,1497,0,False,0,67,53,75,0,0,0,0,0,0,0,False,True,False,False,0,0,False,False,0,65535,720
36692,0,0,0,0,0,0,0,0,0,0,0,0,0,0,0,0,0,0,0,0,0,0,0,0,False,0,0,0,0,0,0,0,0,0,0,0,False,False,False,False,0,0,False,False,0,0,0
36693,0,0,0,0,0,0,0,0,0,0,0,0,0,0,0,0,0,0,0,0,0,0,0,0,False,0,0,0,0,0,0,0,0,0,0,0,False,False,False,False,0,0,False,False,0,0,0
36694,0,1,690,100,46983,1,48233,1,0,0,0,0,0,0,0,0,0,0,-1,0,-1,0,1497,0,False,0,67,59,100,0,0,0,0,0,0,0,False,True,False,False,0,0,False,False,0,65535,720
36695,0,2,690,100,47099,1,48233,1,0,0,0,0,0,0,0,0,0,0,-1,0,-1,0,1498,0,True,0,61,48,50,0,0,0,0,0,0,0,False,True,False,False,0,0,False,False,0,65535,720
36696,0,0,0,0,0,0,0,0,0,0,0,0,0,0,0,0,0,0,0,0,0,0,0,0,False,0,0,0,0,0,0,0,0,0,0,0,False,False,False,False,0,0,False,False,0,0,0
36697,0,2,690,100,47103,1,48233,1,0,0,0,0,0,0,0,0,0,0,-1,0,-1,0,1498,0,False,0,67,53,75,0,0,0,0,0,0,0,False,True,False,False,0,0,False,False,0,65535,720
36698,0,0,0,0,0,0,0,0,0,0,0,0,0,0,0,0,0,0,0,0,0,0,0,0,False,0,0,0,0,0,0,0,0,0,0,0,False,False,False,False,0,0,False,False,0,0,0
36699,0,2,690,100,47107,1,48233,1,0,0,0,0,0,0,0,0,0,0,-1,0,-1,0,1498,0,True,0,67,59,100,0,0,0,0,0,0,0,False,True,False,False,0,0,False,False,0,65535,720
36700,0,3,690,100,47223,1,48233,1,0,0,0,0,0,0,0,0,0,0,-1,0,-1,0,1499,0,False,0,61,48,50,0,0,0,0,0,0,0,False,True,False,False,0,0,False,False,0,65535,720
36701,0,3,690,100,47225,1,48233,1,0,0,0,0,0,0,0,0,0,0,-1,0,-1,0,1499,0,False,0,67,53,75,0,0,0,0,0,0,0,False,True,False,False,0,0,False,False,0,65535,720
36702,0,0,0,0,0,0,0,0,0,0,0,0,0,0,0,0,0,0,0,0,0,0,0,0,False,0,0,0,0,0,0,0,0,0,0,0,False,False,False,False,0,0,False,False,0,0,0
36703,0,3,690,100,47229,1,48233,1,0,0,0,0,0,0,0,0,0,0,-1,0,-1,0,1499,0,False,0,67,59,100,0,0,0,0,0,0,0,False,True,False,False,0,0,False,False,0,65535,720
36704,0,0,0,0,0,0,0,0,0,0,0,0,0,0,0,0,0,0,0,0,0,0,0,0,False,0,0,0,0,0,0,0,0,0,0,0,False,False,False,False,0,0,False,False,0,0,0
36705,0,4,690,100,47347,1,48233,1,0,0,0,0,0,0,0,0,0,0,-1,0,-1,0,1500,0,True,0,61,48,50,0,0,0,0,0,0,0,False,True,False,False,0,0,False,False,0,65535,720
36706,0,0,0,0,0,0,0,0,0,0,0,0,0,0,0,0,0,0,0,0,0,0,0,0,False,0,0,0,0,0,0,0,0,0,0,0,False,False,False,False,0,0,False,False,0,0,0
36707,0,4,690,100,47351,1,48233,1,0,0,0,0,0,0,0,0,0,0,-1,0,-1,0,1500,0,False,0,67,53,75,0,0,0,0,0,0,0,False,True,False,False,0,0,False,False,0,65535,720
36708,0,4,690,100,47353,1,48233,1,0,0,0,0,0,0,0,0,0,0,-1,0,-1,0,1500,0,True,0,67,59,100,0,0,0,0,0,0,0,False,True,False,False,0,0,False,False,0,65535,720
36709,0,0,0,0,0,0,0,0,0,0,0,0,0,0,0,0,0,0,0,0,0,0,0,0,False,0,0,0,0,0,0,0,0,0,0,0,False,False,False,False,0,0,False,False,0,0,0
36710,0,5,690,100,47471,1,48233,1,0,0,0,0,0,0,0,0,0,0,-1,0,-1,0,1501,0,True,0,61,48,50,0,0,0,0,0,0,0,False,True,False,False,0,0,False,False,0,65535,720
36711,0,5,690,100,47473,1,48233,1,0,0,0,0,0,0,0,0,0,0,-1,0,-1,0,1501,0,True,0,67,53,75,0,0,0,0,0,0,0,False,True,False,False,0,0,False,False,0,65535,720
36712,0,5,690,100,47475,1,48233,1,0,0,0,0,0,0,0,0,0,0,-1,0,-1,0,1501,0,True,0,67,59,100,0,0,0,0,0,0,0,False,True,False,False,0,0,False,False,0,65535,720
36713,0,0,0,0,0,0,0,0,0,0,0,0,0,0,0,0,0,0,0,0,0,0,0,0,False,0,0,0,0,0,0,0,0,0,0,0,False,False,False,False,0,0,False,False,0,0,0
36714,0,0,0,0,0,0,0,0,0,0,0,0,0,0,0,0,0,0,0,0,0,0,0,0,False,0,0,0,0,0,0,0,0,0,0,0,False,False,False,False,0,0,False,False,0,0,0
36715,0,6,690,100,47595,1,48233,1,0,0,0,0,0,0,0,0,0,0,-1,0,-1,0,1502,0,True,0,61,48,50,0,0,0,0,0,0,0,False,True,False,False,0,0,False,False,0,65535,720
36716,0,0,0,0,0,0,0,0,0,0,0,0,0,0,0,0,0,0,0,0,0,0,0,0,False,0,0,0,0,0,0,0,0,0,0,0,False,False,False,False,0,0,False,False,0,0,0
36717,0,0,0,0,0,0,0,0,0,0,0,0,0,0,0,0,0,0,0,0,0,0,0,0,False,0,0,0,0,0,0,0,0,0,0,0,False,False,False,False,0,0,False,False,0,0,0
36718,0,6,690,100,47601,1,48233,1,0,0,0,0,0,0,0,0,0,0,-1,0,-1,0,1502,0,False,0,67,53,75,0,0,0,0,0,0,0,False,True,False,False,0,0,False,False,0,65535,720
36719,0,6,690,100,47603,1,48233,1,0,0,0,0,0,0,0,0,0,0,-1,0,-1,0,1502,0,True,0,67,59,100,0,0,0,0,0,0,0,False,True,False,False,0,0,False,False,0,65535,720
36720,0,7,690,100,47719,1,48233,1,0,0,0,0,0,0,0,0,0,0,-1,0,-1,0,1503,0,False,0,61,48,50,0,0,0,0,0,0,0,False,True,False,False,0,0,False,False,0,65535,720
36721,0,7,690,100,47721,1,48233,1,0,0,0,0,0,0,0,0,0,0,-1,0,-1,0,1503,0,True,0,67,53,75,0,0,0,0,0,0,0,False,True,False,False,0,0,False,False,0,65535,720
36722,0,7,690,100,47723,1,48233,1,0,0,0,0,0,0,0,0,0,0,-1,0,-1,0,1503,0,False,0,67,59,100,0,0,0,0,0,0,0,False,True,False,False,0,0,False,False,0,65535,720
36723,0,0,0,0,0,0,0,0,0,0,0,0,0,0,0,0,0,0,0,0,0,0,0,0,False,0,0,0,0,0,0,0,0,0,0,0,False,False,False,False,0,0,False,False,0,0,0
36724,0,0,0,0,0,0,0,0,0,0,0,0,0,0,0,0,0,0,0,0,0,0,0,0,False,0,0,0,0,0,0,0,0,0,0,0,False,False,False,False,0,0,False,False,0,0,0
36725,32,5,720,0,47915,1,48228,1,44150,3,0,0,0,0,0,0,0,0,18,3,16,3,1493,0,False,50,100,100,100,0,0,0,0,0,101,0,False,True,True,False,0,0,False,False,0,65535,720
36726,32,4,720,0,47916,1,48228,1,44151,2,44150,1,0,0,0,0,0,0,17,3,16,3,1492,0,False,50,100,100,100,0,0,0,0,0,100,0,False,True,True,False,0,0,False,False,0,65535,720
36727,32,5,720,0,47917,1,48228,1,44150,3,0,0,0,0,0,0,0,0,18,3,16,3,1493,0,False,50,100,100,100,0,0,0,0,0,101,0,False,True,True,False,0,0,False,False,0,65535,720
36728,32,4,720,0,47918,1,48228,1,44151,2,44150,1,0,0,0,0,0,0,17,3,16,3,1492,0,False,50,100,100,100,0,0,0,0,0,100,0,False,True,True,False,0,0,False,False,0,65535,720
36729,32,5,720,0,47920,1,48229,1,44150,2,44151,1,0,0,0,0,0,0,18,3,16,3,1493,0,False,50,100,100,100,0,0,0,0,0,101,0,False,True,True,False,0,0,False,False,0,65535,720
36730,32,4,720,0,47921,1,48229,1,44151,3,0,0,0,0,0,0,0,0,17,3,16,3,1492,0,False,50,100,100,100,0,0,0,0,0,100,0,False,True,True,False,0,0,False,False,0,65535,720
36731,32,5,720,0,47922,1,48229,1,44150,2,44151,1,0,0,0,0,0,0,18,3,16,3,1493,0,False,50,100,100,100,0,0,0,0,0,101,0,False,True,True,False,0,0,False,False,0,65535,720
36732,32,4,720,0,47923,1,48229,1,44151,3,0,0,0,0,0,0,0,0,17,3,16,3,1492,0,False,50,100,100,100,0,0,0,0,0,100,0,False,True,True,False,0,0,False,False,0,65535,720
36733,32,5,720,0,47919,1,48229,1,44150,2,44151,1,0,0,0,0,0,0,18,3,16,3,1493,0,False,50,100,100,100,0,0,0,0,0,101,0,False,True,True,False,0,0,False,False,0,65535,720
36734,32,5,720,0,47928,1,48229,1,44150,2,44151,1,0,0,0,0,0,0,18,3,16,3,1493,0,False,50,100,100,100,0,0,0,0,0,101,0,False,True,True,False,0,0,False,False,0,65535,720
36735,32,1,580,0,48174,1,36173,3,36187,2,36186,1,35792,1,31320,8,0,0,14,3,17,3,1409,0,False,50,100,100,100,0,0,0,0,0,89,0,False,True,True,False,0,0,False,False,0,65535,720
36736,32,1,580,0,48175,1,36173,4,36187,1,36172,1,35792,1,31320,8,0,0,14,3,17,3,1409,0,True,50,100,100,100,0,0,0,0,0,89,0,False,True,True,False,0,0,False,False,0,65535,720
36737,32,1,580,0,48176,1,36173,3,36187,2,36172,1,35792,1,31320,8,0,0,14,3,17,3,1409,0,False,50,100,100,100,0,0,0,0,0,89,0,False,True,True,False,0,0,False,False,0,65535,720
36738,32,1,580,0,48177,1,36173,4,36213,1,36172,1,35792,1,31320,8,0,0,14,3,17,3,1409,0,False,50,100,100,100,0,0,0,0,0,89,0,False,True,True,False,0,0,False,False,0,65535,720
36739,32,1,580,0,48178,1,36173,3,36187,2,36186,1,35792,1,31320,8,0,0,14,3,17,3,1409,0,True,50,100,100,100,0,0,0,0,0,89,0,False,True,True,False,0,0,False,False,0,65535,720
36740,32,1,580,0,48179,1,36173,4,36187,1,36189,1,35792,1,31320,8,0,0,14,3,17,3,1409,0,True,50,100,100,100,0,0,0,0,0,89,0,False,True,True,False,0,0,False,False,0,65535,720
36741,32,1,580,0,48180,1,36173,3,36187,2,36189,1,35792,1,31320,8,0,0,14,3,17,3,1409,0,False,50,100,100,100,0,0,0,0,0,89,0,False,True,True,False,0,0,False,False,0,65535,720
36742,32,3,580,0,48181,1,36187,4,36173,1,36186,1,35792,1,31320,8,0,0,16,3,14,3,1411,0,False,50,100,100,100,0,0,0,0,0,91,0,False,True,True,False,0,0,False,False,0,65535,720
36743,32,3,580,0,48182,1,36187,3,36173,2,36186,1,35792,1,31320,8,0,0,16,3,14,3,1411,0,False,50,100,100,100,0,0,0,0,0,91,0,False,True,True,False,0,0,False,False,0,65535,720
36744,32,6,580,0,48183,1,36238,1,36187,3,36201,2,35792,1,31320,8,0,0,19,3,18,3,1414,0,False,50,100,100,100,0,0,0,0,0,94,0,False,True,True,False,0,0,False,False,0,65535,720
36745,32,6,580,0,48184,1,36238,1,36187,2,36201,3,35792,1,31320,8,0,0,19,3,18,3,1414,0,False,50,100,100,100,0,0,0,0,0,94,0,False,True,True,False,0,0,False,False,0,65535,720
36746,32,3,580,0,48185,1,36187,3,36173,2,36186,1,35792,1,31320,8,0,0,16,3,14,3,1411,0,False,50,100,100,100,0,0,0,0,0,91,0,False,True,True,False,0,0,False,False,0,65535,720
36747,32,1,580,0,48186,1,36173,4,36187,1,36189,1,35792,1,31320,8,0,0,14,3,17,3,1409,0,False,50,100,100,100,0,0,0,0,0,89,0,False,True,True,False,0,0,False,False,0,65535,720
36748,32,3,580,0,48187,1,36187,4,36173,1,36186,1,35792,1,31320,8,0,0,16,3,14,3,1411,0,False,50,100,100,100,0,0,0,0,0,91,0,False,True,True,False,0,0,False,False,0,65535,720
36749,32,1,580,0,48188,1,36173,3,36187,2,36172,1,35792,1,31320,8,0,0,14,3,17,3,1409,0,True,50,100,100,100,0,0,0,0,0,89,0,False,True,True,False,0,0,False,False,0,65535,720
36750,32,1,580,0,48189,1,36173,4,36187,1,36189,1,35792,1,31320,8,0,0,14,3,17,3,1409,0,False,50,100,100,100,0,0,0,0,0,89,0,False,True,True,False,0,0,False,False,0,65535,720
36751,32,3,580,0,48190,1,36187,4,36173,1,36186,1,35792,1,31320,8,0,0,16,3,14,3,1411,0,False,50,100,100,100,0,0,0,0,0,91,0,False,True,True,False,0,0,False,False,0,65535,720
36752,32,1,580,0,48191,1,36173,4,36187,1,36189,1,35792,1,31320,8,0,0,14,3,17,3,1409,0,False,50,100,100,100,0,0,0,0,0,89,0,False,True,True,False,0,0,False,False,0,65535,720
36753,32,1,580,0,48193,1,36173,3,36187,2,36186,1,35792,1,31320,8,0,0,14,3,17,3,1409,0,True,50,100,100,100,0,0,0,0,0,89,0,False,False,True,False,0,0,False,False,0,65535,720
36754,32,2,580,0,48193,1,36173,3,36187,2,36186,1,35792,1,31320,8,0,0,15,3,17,3,1410,0,False,50,100,100,100,0,0,0,0,0,90,0,False,False,True,False,0,0,False,False,0,65535,720
36755,32,2,720,0,48132,1,48145,1,44001,3,44012,2,44000,1,0,0,0,0,15,3,17,3,1514,0,False,50,100,100,100,0,0,0,0,0,106,0,False,False,True,False,0,0,True,False,0,65535,720
36756,32,2,720,0,47981,1,48145,1,44147,2,44148,1,44001,2,0,0,0,0,15,3,17,3,1514,0,False,50,100,100,100,0,0,0,0,0,106,0,False,False,True,False,0,0,True,False,0,65535,720
36757,32,6,720,0,48203,1,14183,1,44050,1,48226,1,0,0,0,0,0,0,19,3,18,3,1518,0,False,50,100,100,100,0,0,0,0,0,110,0,False,False,True,False,0,0,True,False,0,65535,720
